residue,calcr_seq,calcr_residue,calrl_seq,calrl_residue,crfr1_seq,crfr1_residue,crfr2_seq,crfr2_residue,gcgr_seq,gcgr_residue,ghrhr_seq,ghrhr_residue,gipr_seq,gipr_residue,glp1r_seq,glp1r_residue,glp2r_seq,glp2r_residue,pacr_seq,pacr_residue,pth1r_seq,pth1r_residue,pth2r_seq,pth2r_residue,sctr_seq,sctr_residue,vipr1_seq,vipr1_residue,vipr2_seq,vipr2_residue
M,M1,M,M1,M,M1,-,-,-,M1,M,M1,M,M1,M,M1,M,M1,-,M1,M,M1,M,M1,M,M1,M,M1,M,M1,M
-,-,-,E2,E,G2,-,-,-,P2,-,D2,D,T2,-,A2,A,K2,-,A2,A,G2,G,A2,A,R2,R,R2,-,R2,R
-,R2,-,K3,K,-,-,-,-,P3,-,-,-,-,-,-,-,-,-,-,-,-,-,G3,-,-,-,-,-,-,-
-,F3,F,-,-,-,-,-,-,-,-,-,-,-,-,-,-,-,-,-,-,-,-,L4,-,-,-,-,-,-,-
-,T4,-,-,-,-,-,-,-,-,-,-,-,-,-,-,-,-,-,-,-,-,-,-,-,-,-,-,-,-,-
-,-,-,-,-,-,-,-,-,-,-,-,-,T3,-,-,-,-,-,-,-,-,-,-,-,-,-,-,-,-,-
-,-,-,-,-,-,-,-,-,-,-,-,-,-,-,-,-,L3,-,-,-,-,-,-,-,-,-,-,-,-,-
-,-,-,-,-,-,-,-,-,-,-,-,-,-,-,-,-,G4,-,-,-,-,-,-,-,-,-,-,-,-,-
-,F5,-,-,-,-,-,-,-,-,-,-,-,-,-,-,-,-,-,-,-,-,-,-,-,-,-,-,-,-,-
-,-,-,-,-,-,-,-,-,-,-,-,-,-,-,-,-,S5,-,-,-,-,-,-,-,-,-,-,-,-,-
-,-,-,-,-,-,-,M1,M,C4,-,R3,-,S4,-,G3,G,S6,-,G3,-,T3,-,G5,G,P3,-,P3,-,-,-
-,-,-,-,-,G3,R,D2,D,Q5,Q,-,-,P5,P,A4,-,R7,-,-,-,A4,-,A6,A,H4,-,P4,-,-,-
-,-,-,-,-,-,-,-,-,-,-,-,-,-,-,-,-,A8,-,-,-,-,-,-,-,-,-,-,-,T3,-
-,-,-,-,-,-,-,-,-,-,-,-,-,-,-,-,-,G9,-,-,-,-,-,-,-,-,-,-,-,-,-
-,-,-,-,-,-,-,-,-,-,-,-,-,-,-,-,-,P10,-,-,-,-,-,-,-,-,-,-,-,-,-
-,-,-,-,-,H4,R,-,-,-,-,-,-,-,-,-,-,-,-,-,-,-,-,-,-,-,-,-,-,-,-
-,-,-,-,-,-,-,-,-,-,-,-,-,-,-,-,-,-,-,-,-,R5,-,-,-,L5,-,-,-,-,-
-,-,-,-,-,-,-,-,-,-,-,-,-,-,-,-,-,G11,-,-,-,-,-,-,-,-,-,-,-,-,-
-,-,-,-,-,-,-,-,-,-,-,-,-,-,-,-,-,R12,-,-,-,-,-,-,-,-,-,-,-,-,-
-,-,-,-,-,-,-,-,-,-,-,-,-,-,-,-,-,G13,-,-,-,-,-,-,-,-,-,-,-,-,-
-,-,-,-,-,-,-,-,-,-,-,-,-,-,-,-,-,S14,-,-,-,-,-,-,-,-,-,-,-,-,-
-,-,-,-,-,-,-,-,-,-,-,-,-,-,-,-,-,A15,-,-,-,-,-,-,-,-,-,-,-,-,-
-,-,-,-,-,-,-,-,-,-,-,-,-,-,-,-,-,G16,-,-,-,-,-,-,-,-,-,-,-,-,-
-,-,-,-,-,-,-,-,-,-,-,-,-,-,-,-,-,L17,-,-,-,-,-,-,-,-,-,-,-,-,-
-,-,-,-,-,-,-,-,-,-,-,-,-,-,-,-,-,-,-,-,-,I6,-,-,-,-,-,-,-,-,-
-,-,-,-,-,-,-,-,-,-,-,-,-,-,-,-,-,L18,-,-,-,A7,-,S7,-,S6,-,S5,-,-,-
-,-,-,-,-,P5,P,A3,-,P6,P,-,-,I6,P,P5,P,P19,-,-,-,P8,-,L8,-,P7,-,P6,-,-,-
-,-,-,-,-,-,-,-,-,-,-,-,-,-,-,-,-,G20,-,-,-,-,-,-,-,-,-,-,-,-,-
-,-,-,-,-,-,-,-,-,Q7,-,-,-,-,-,-,-,-,-,-,-,-,-,-,-,-,-,-,-,-,-
-,-,-,-,-,-,-,-,-,-,-,-,-,-,-,-,-,V21,-,-,-,-,-,-,-,-,-,-,-,-,-
-,-,-,-,-,Q6,-,A4,-,-,-,-,-,-,-,-,-,H22,-,-,-,-,-,H9,-,P8,-,L7,-,-,-
-,-,-,-,-,-,-,-,-,-,-,-,-,-,-,-,-,E23,-,-,-,-,-,V10,-,L9,-,P8,-,-,-
-,-,-,-,-,-,-,-,-,-,-,-,-,-,-,-,-,L24,-,-,-,-,-,-,-,-,-,-,-,-,-
-,-,-,-,-,-,-,-,-,-,-,-,-,-,-,-,-,P25,-,-,-,-,-,-,-,-,-,-,-,-,-
-,-,-,-,-,-,-,-,-,-,-,-,-,-,-,-,-,M26,-,-,-,-,-,-,-,-,-,-,-,-,-
-,-,-,-,-,-,-,-,-,-,-,-,-,-,-,-,-,G27,-,-,-,-,-,-,-,-,-,-,-,-,-
-,-,-,-,-,-,-,-,-,-,-,-,-,-,-,-,-,I28,-,-,-,-,-,-,-,-,-,-,-,-,-
-,-,-,-,-,-,-,-,-,-,-,-,-,-,-,-,-,P29,P,-,-,-,-,-,-,-,-,-,-,-,-
-,-,-,-,-,-,-,-,-,-,-,-,-,-,-,-,-,A30,A,-,-,-,-,-,-,-,-,-,-,-,-
-,-,-,-,-,-,-,-,-,-,-,-,-,-,-,-,-,P31,-,-,-,-,-,-,-,-,-,-,-,-,-
-,-,-,-,-,-,-,-,-,-,-,-,-,-,-,-,-,W32,-,-,-,-,-,-,-,-,-,-,-,-,-
-,-,-,-,-,-,-,-,-,-,-,-,-,-,-,-,-,G33,-,-,-,-,-,-,-,-,-,-,-,-,-
-,-,-,-,-,-,-,-,-,-,-,-,-,-,-,-,-,T34,-,-,-,-,-,-,-,-,-,-,-,-,-
-,-,-,-,-,-,-,-,-,-,-,-,-,-,-,-,-,S35,-,-,-,-,-,-,-,-,-,-,-,-,-
-,-,-,-,-,-,-,-,-,-,-,-,-,-,-,-,-,P36,-,-,-,-,-,-,-,-,-,-,-,-,-
-,-,-,-,-,-,-,-,-,-,-,-,-,-,-,-,-,L37,-,-,-,-,-,-,-,-,-,-,-,-,-
-,-,-,-,-,-,-,-,-,-,-,-,-,-,-,-,-,S38,-,-,-,-,-,-,-,-,-,-,-,-,-
-,-,-,-,-,-,-,-,-,-,-,-,-,-,-,-,-,F39,-,-,-,-,-,-,-,-,-,-,-,-,-
-,-,-,-,-,-,-,-,-,-,-,-,-,-,-,-,-,H40,-,-,-,-,-,-,-,-,-,-,-,-,-
-,-,-,-,-,-,-,-,-,-,-,-,-,-,-,-,-,R41,-,-,-,-,-,-,-,-,-,-,-,-,-
-,T6,-,-,-,-,-,-,-,-,-,-,-,-,-,-,-,K42,K,-,-,-,-,-,-,-,-,-,-,-,-
-,S7,-,-,-,-,-,-,-,-,-,R4,-,-,-,-,-,C43,-,-,-,-,-,-,-,-,-,-,-,-,-
-,R8,-,K4,-,-,-,-,-,-,-,M5,-,-,-,-,-,S44,-,-,-,-,-,-,-,-,-,A9,-,-,-
-,C9,-,C5,-,-,-,-,-,-,-,W6,-,-,-,-,-,L45,-,-,-,-,-,W11,W,-,-,-,-,-,-
-,-,-,-,-,-,-,-,-,-,-,G7,-,-,-,G6,-,-,-,-,-,G9,-,G12,G,-,-,-,-,-,-
-,-,-,-,-,-,-,-,-,-,-,-,-,-,-,-,-,W46,-,-,-,-,-,-,-,-,-,-,-,-,-
-,-,-,-,-,-,-,-,-,-,-,-,-,-,-,-,-,A47,-,-,-,-,-,-,-,-,-,-,-,-,-
-,-,-,-,-,-,-,-,-,-,-,-,-,-,-,-,-,P48,P,-,-,-,-,-,-,-,-,-,-,-,-
-,-,-,-,-,-,-,-,-,-,-,-,-,-,-,-,-,G49,-,-,-,-,-,-,-,-,-,-,-,-,-
-,-,-,-,-,-,-,-,-,R8,-,-,-,-,-,-,-,R50,R,-,-,-,-,-,-,-,-,-,-,-,-
-,-,-,-,-,-,-,-,-,P9,-,-,-,-,-,P7,P,P51,P,-,-,-,-,-,-,-,-,-,-,-,-
-,-,-,-,-,-,-,-,-,L10,-,-,-,-,-,-,-,-,-,-,-,-,-,-,-,-,-,-,-,-,-
-,-,-,-,-,-,-,-,-,-,L,-,-,L7,-,-,-,-,-,-,-,-,-,-,-,Q10,-,R10,-,-,-
-,-,-,-,-,-,-,-,-,-,-,-,-,Q8,-,-,-,-,-,-,-,-,-,W13,W,Q11,-,W11,-,-,-
-,L10,-,T6,-,L7,L,L5,-,L11,L,A8,A,L9,L,L8,L,F52,-,V4,-,L10,L,L14,L,L12,-,L12,L,L4,-
-,-,-,-,-,-,-,-,-,-,-,-,-,-,-,R9,R,-,-,-,-,-,-,-,-,-,-,-,-,-,-
-,A11,-,L7,-,R8,-,L6,-,L12,L,H9,-,L10,L,L10,L,L53,L,V5,-,-,-,M15,-,L13,-,C13,-,L5,L
-,-,-,-,-,-,-,-,-,-,-,-,-,-,-,-,-,-,-,H6,-,-,-,-,-,-,-,-,-,-,-
-,-,-,-,-,-,-,-,-,-,-,-,-,-,-,-,-,-,-,V7,-,-,-,-,-,-,-,-,-,-,-
-,-,-,-,-,-,-,-,-,-,-,-,-,-,-,-,-,-,-,S8,S,-,-,-,-,-,-,-,-,P6,-
-,-,-,-,-,-,-,-,-,-,-,-,-,-,-,-,-,-,-,-,-,-,-,-,-,-,-,-,-,P7,-
-,-,-,-,-,-,-,-,-,-,-,-,-,-,-,-,-,-,-,-,-,A11,-,-,-,-,-,-,-,A8,-
-,-,-,-,-,-,-,H7,-,-,-,-,-,-,-,-,-,-,-,-,-,-,-,-,-,-,-,-,-,-,-
-,-,-,-,-,-,-,S8,-,-,-,-,-,-,-,-,-,-,-,-,-,-,-,-,-,-,-,-,-,-,-
-,L12,-,N8,-,L9,L,L9,-,L13,L,V10,-,L11,L,A11,A,T54,-,L9,L,L12,L,-,-,L14,-,V14,-,L9,L
-,-,-,-,-,V10,-,L10,-,-,-,-,-,-,-,-,-,-,-,-,-,-,-,-,-,-,-,-,-,-,-
-,-,-,-,-,K11,-,E11,-,-,-,-,-,-,-,-,-,-,-,-,-,-,-,-,-,-,-,-,-,-,-
-,-,-,-,-,-,-,A12,-,-,-,-,-,-,-,-,-,-,-,-,-,-,-,-,-,-,-,-,-,-,-
-,-,-,-,-,-,-,N13,N,-,-,-,-,-,-,-,-,-,-,-,-,-,-,-,-,-,-,-,-,-,-
-,-,-,-,-,-,-,C14,C,-,-,-,-,-,-,-,-,-,-,-,-,-,-,-,-,-,-,-,-,-,-
-,-,-,-,-,A12,-,S15,S,-,-,-,-,-,-,-,-,-,-,-,-,-,-,-,-,-,-,-,-,-,-
-,-,-,-,-,-,-,-,-,-,-,-,-,-,-,-,-,-,-,A10,A,-,-,-,-,-,-,-,-,-,-
L,F13,F,F9,-,L13,-,L16,L,L14,L,F11,L,R12,L,L12,L,L55,L,A11,A,L13,L,L16,L,P15,-,L15,L,L10,L
L,L14,L,L10,L,L14,L,A17,-,L15,L,C12,C,L13,L,L13,L,V56,-,L12,L,L14,L,G17,-,V16,-,A16,-,T11,-
-,-,-,-,-,-,-,-,-,-,-,-,-,-,-,-,-,-,-,-,-,C15,C,S18,-,-,-,G17,-,-,-
-,-,-,-,-,-,-,-,-,-,-,-,-,-,-,-,-,-,-,-,-,C16,C,C19,C,-,-,-,-,-,-
-,-,-,-,-,-,-,-,-,-,-,-,-,-,-,-,-,-,-,-,-,P17,-,-,-,-,-,-,-,-,-
-,L15,-,V11,-,L15,L,L18,-,L16,-,V13,-,S14,S,L14,L,L57,L,L13,L,V18,V,L20,-,L17,L,A18,-,C12,C
-,-,-,-,-,-,-,-,-,-,-,-,-,L15,L,-,-,-,-,-,-,-,-,-,-,-,-,-,-,-,-
-,-,-,-,-,-,-,-,-,-,-,-,-,C16,W,-,-,-,-,-,-,-,-,-,-,-,-,-,-,-,-
-,-,-,-,-,-,-,-,-,-,-,-,-,G17,G,-,-,-,-,-,-,-,-,-,-,-,-,-,-,-,-
-,-,-,-,-,-,-,A19,-,-,-,-,-,-,-,-,-,-,-,-,-,-,-,-,-,-,-,-,-,-,-
-,-,-,-,-,-,-,E20,-,-,-,-,-,-,-,-,-,-,-,-,-,-,-,-,-,-,-,-,-,-,-
-,-,-,-,-,-,-,E21,-,-,-,-,-,L18,-,-,-,-,-,-,-,-,-,-,-,-,-,-,-,-,-
L,L16,L,L12,L,L16,L,L22,-,L17,L,L14,L,L19,L,L15,L,L58,L,L14,L,L19,L,L21,L,L18,L,L19,L,-,-
-,-,-,-,-,-,-,-,-,A18,-,S15,-,L20,L,G16,G,V59,V,-,-,S20,S,-,-,A19,-,A20,-,-,-
-,-,-,L13,L,-,-,-,-,C19,C,P16,-,Q21,R,-,-,-,-,-,-,S21,S,-,-,C20,-,W21,C,W13,W
-,-,-,P14,-,-,-,-,-,-,-,-,-,-,-,-,-,-,-,-,-,-,-,-,-,-,-,-,-,-,-
-,-,-,F15,-,-,-,-,-,-,-,-,-,-,-,-,-,-,-,-,-,-,-,-,-,-,-,-,-,-,-
-,-,-,F16,-,-,-,-,-,Q20,-,L17,-,R22,R,M17,A,S60,S,-,-,A22,-,A22,-,A21,-,A22,-,L14,-
-,-,-,-,-,-,-,-,-,-,-,-,-,-,-,-,-,-,-,-,-,Y23,Y,R23,-,-,-,-,-,-,-
-,-,-,M17,-,-,-,L23,-,P21,-,P18,-,A23,A,V18,V,I61,I,L15,L,A24,-,A24,A,A22,-,L23,L,L15,L
-,-,-,-,-,-,-,-,-,-,-,-,-,-,-,G19,G,-,-,-,-,-,-,-,-,-,-,-,-,-,-
-,-,-,-,-,-,-,-,-,-,-,-,-,-,-,R20,R,-,-,-,-,-,-,-,-,-,-,-,-,-,-
-,-,-,-,-,-,-,-,-,-,-,-,-,-,-,A21,A,-,-,-,-,-,-,-,-,-,-,-,-,-,-
-,-,-,-,-,-,-,-,-,-,-,-,-,-,-,G22,G,-,-,-,-,-,-,-,-,-,-,-,-,-,-
-,-,-,-,-,-,-,-,-,-,-,-,-,-,-,P23,P,-,-,-,-,-,-,-,-,-,-,-,-,-,-
-,N17,-,-,-,-,-,-,-,-,-,-,-,-,-,-,-,-,-,-,-,-,-,-,-,-,-,-,-,-,-
-,H18,-,-,-,-,-,L24,-,Q22,Q,T19,-,E24,E,R24,R,K62,K,P16,P,L25,L,Q25,Q,H23,-,G24,-,A16,-
-,P19,P,-,-,-,-,-,-,-,-,-,-,T25,T,P25,P,-,-,-,-,-,-,-,-,-,-,-,-,-,-
-,-,-,-,-,-,-,-,-,V23,-,-,-,G26,G,Q26,Q,Q63,Q,-,-,-,-,-,-,-,-,-,-,-,-
-,T20,-,-,-,-,-,-,-,P24,P,V20,V,S27,S,G27,G,V64,V,M17,-,-,-,-,-,S24,-,P25,P,P17,-
-,P21,P,-,-,-,-,-,-,-,-,-,-,-,-,-,-,-,-,-,-,-,-,-,-,-,-,A26,-,-,-
-,-,-,-,-,-,-,-,-,-,-,-,-,-,-,-,-,-,-,-,-,-,-,-,-,-,-,G27,-,-,-
-,-,-,-,-,-,-,-,-,-,-,-,-,-,-,-,-,-,-,-,-,-,-,-,-,-,-,G28,-,-,-
-,-,-,-,-,-,-,-,-,-,-,-,-,-,-,-,-,-,-,-,-,-,-,-,-,-,-,Q29,-,-,-
-,-,-,-,-,-,-,-,-,-,-,-,-,-,-,-,-,-,-,-,-,-,-,-,-,-,-,A30,-,-,-
-,I22,-,I18,-,-,-,-,-,-,-,-,-,-,-,-,-,-,-,-,-,-,-,-,-,-,-,-,-,-,-
-,L23,L,L19,-,-,-,-,-,-,-,-,-,-,-,-,-,-,-,-,-,-,-,-,-,-,-,-,-,-,-
-,P24,P,V20,V,-,-,-,-,S25,S,L21,L,K28,-,A28,A,T65,T,A18,-,V26,V,L26,L,T25,-,A31,-,V18,V
-,-,-,T21,-,-,-,D25,-,-,-,-,-,-,-,-,-,-,-,-,-,-,-,-,-,-,-,-,-,-,-
-,-,-,-,-,-,-,G26,-,-,-,-,-,-,-,-,-,-,-,-,-,-,-,-,-,-,-,-,-,-,-
-,-,-,A22,A,-,-,-,-,A26,A,G22,G,G29,G,T29,T,G66,G,P19,-,D27,D,D27,D,G26,G,R32,-,N19,N
-,A25,-,E23,-,G17,-,-,-,Q27,Q,H23,-,Q30,Q,V30,V,S67,S,A20,A,A28,A,S28,S,A27,A,L33,L,S20,-
-,F26,-,L24,-,-,-,-,-,-,-,-,-,-,-,-,-,-,-,-,-,D29,D,D29,D,-,-,-,-,-,-
-,-,-,E25,E,-,-,-,-,-,-,-,-,-,-,-,-,-,-,-,-,D30,D,G30,G,-,-,-,-,-,-
-,S27,S,-,-,-,-,-,-,V28,V,-,-,T31,T,S31,S,L68,L,-,-,V31,V,T31,T,-,-,-,-,-,-
-,N28,N,-,-,-,-,-,-,-,-,-,-,-,-,-,-,-,-,-,-,-,-,-,-,-,-,-,-,-,-
-,Q29,-,-,-,-,-,-,-,-,-,-,-,-,-,-,-,-,-,-,-,-,-,-,-,-,-,-,-,-,-
-,T30,-,-,-,-,-,-,-,-,-,-,-,-,-,-,-,-,-,-,-,-,-,-,-,-,-,-,-,-,-
-,Y31,-,-,-,L18,L,-,-,M29,M,M24,V,A32,A,L32,L,L69,L,M21,M,M32,-,I32,I,L28,-,Q34,-,I21,-
-,-,-,E26,E,N19,-,-,-,D30,D,H25,H,G33,G,W33,S,E70,E,H22,H,-,-,-,-,P29,P,-,-,H22,H
-,P32,P,S27,-,P20,P,-,-,-,-,P26,P,-,-,-,-,-,-,S23,S,T33,T,T33,T,R30,-,E35,-,P23,P
-,T33,T,-,-,-,-,-,-,-,-,-,-,-,-,-,-,-,-,-,-,-,-,-,-,-,-,-,-,-,-
-,I34,-,P28,-,-,-,-,-,-,-,-,-,-,-,-,-,-,-,-,-,-,-,-,-,-,-,-,-,-,-
-,E35,E,-,Q,-,-,-,-,-,-,E27,E,-,-,-,-,-,-,D24,D,K34,K,I34,-,L31,L,E36,E,E24,E
-,P36,-,-,-,-,-,-,-,-,-,C28,C,-,-,-,-,-,-,C25,C,E35,E,E35,E,C32,C,C37,C,C25,C
-,K37,E,-,-,-,-,-,-,F31,F,D29,D,E34,E,E34,E,E71,-,-,-,E36,E,E36,E,D33,D,D38,D,R26,R
-,-,-,-,-,-,-,-,-,L32,L,F30,F,L35,L,T35,T,T72,T,-,-,Q37,Q,Q37,Q,V34,V,Y39,-,F27,F
-,-,-,E29,-,-,-,-,-,-,-,-,-,-,-,-,-,-,-,-,-,-,-,-,-,-,-,-,-,-,-
-,-,-,D30,D,-,-,-,-,-,-,-,-,-,-,-,-,-,-,-,-,-,-,-,-,-,-,-,-,-,-
-,P38,-,S31,-,-,-,-,-,-,-,-,-,-,-,-,-,-,-,-,-,-,-,-,-,-,-,-,-,-,-
-,F39,-,I32,-,-,-,-,-,-,-,-,-,-,-,-,-,-,-,-,-,-,-,-,-,-,-,-,-,-,-
-,L40,-,Q33,Q,-,-,-,-,-,-,-,-,-,-,-,-,-,-,-,-,-,-,-,-,-,-,-,-,-,-
-,Y41,-,L34,L,-,-,-,-,-,-,-,-,-,-,-,-,-,-,-,-,-,-,-,-,-,-,-,-,-,-
-,V42,-,G35,G,-,-,-,-,-,-,-,-,-,-,-,-,-,-,-,-,-,-,-,-,-,-,-,-,-,-
-,V43,-,V36,V,V21,-,-,-,F33,F,I31,I,Y36,Y,V36,V,T73,T,-,-,I38,I,I38,I,L35,L,V40,-,H28,-
-,G44,G,T37,T,-,-,-,-,-,-,-,-,-,-,-,-,-,-,-,-,-,-,-,-,-,-,-,-,-,-
-,R45,R,R38,R,-,-,-,-,-,-,-,-,-,-,-,-,-,-,-,-,-,-,-,-,-,-,-,-,-,-
-,K46,K,N39,N,S22,S,-,D,E34,E,T32,T,Q37,Q,Q37,Q,R74,-,-,-,F39,F,V39,-,Q36,-,Q41,-,L29,L
-,K47,K,K40,K,A23,A,-,-,K35,-,Q33,Q,R38,R,K38,K,K75,K,I26,I,L40,L,L40,L,V37,V,M42,-,E30,E
-,-,-,-,-,S24,S,-,-,-,-,-,-,-,-,-,-,-,-,-,-,-,-,-,-,-,-,-,-,-,-
-,M48,I,I41,I,-,-,W27,-,W36,W,L34,L,W39,W,W39,W,W76,W,F27,-,L41,L,V41,-,L38,L,I43,I,I31,I
-,M49,-,M42,M,-,-,G28,-,K37,K,R35,-,E40,E,R40,R,A77,-,K28,K,H42,-,L42,L,W39,-,E44,E,Q32,-
-,D50,D,T43,T,L25,L,P29,L,L38,L,E36,-,R41,R,E41,E,Q78,-,K29,K,R43,R,K43,-,E40,-,V45,-,E33,-
-,A51,-,A44,A,Q26,Q,-,-,Y39,Y,D37,-,Y42,Y,Y42,Y,Y79,Y,E30,E,A44,A,A44,A,E41,E,Q46,-,E34,E
-,Q52,Q,Q45,Q,D27,D,-,E,G40,-,E38,E,R43,R,R43,R,K80,K,Q31,Q,Q45,-,K45,K,Q42,-,H47,-,E35,E
-,Y53,Y,Y46,Y,Q28,Q,-,-,D41,D,S39,-,R44,R,R44,-,Q81,E,A32,-,A46,A,V46,V,D43,-,K48,-,T36,T
-,K54,K,E47,E,H29,-,-,-,Q42,E,A40,-,E45,E,Q45,Q,A82,-,M33,-,Q47,-,Q47,Q,Q44,Q,Q49,-,K37,-
C,C55,C,C48,C,C30,C,-,-,C43,C,C41,C,C46,C,C46,C,C83,C,C34,C,C48,C,C48,C,C45,C,C50,C,C38,C
-,Y56,Y,Y49,Y,-,-,-,-,H44,-,L42,L,Q47,Q,Q47,Q,L84,L,L35,L,E49,E,E49,E,L46,L,L51,L,A39,-
-,D57,E,Q50,Q,E31,E,-,-,H45,-,Q43,Q,E48,E,R48,R,R85,R,E36,E,K50,-,L50,L,Q47,Q,E52,E,E40,E
-,R58,R,K51,K,S32,S,-,-,N46,N,A44,-,T49,T,S49,-,D86,-,K37,K,R51,-,N51,N,E48,E,E53,E,L41,L
-,M59,M,I52,I,L33,L,-,-,L47,-,A45,-,L50,L,L50,L,L87,L,I38,I,L52,L,I52,I,L49,L,A54,-,L42,L
-,Q60,-,M53,M,S34,S,-,-,S48,S,E46,E,A51,-,T51,-,L88,-,Q39,-,K53,K,T53,T,S50,S,Q55,-,R43,-
-,Q61,R,Q54,Q,L35,-,-,-,L49,L,E47,E,A52,A,E52,E,K89,-,R40,R,E54,-,A54,A,R51,-,L56,-,-,-
-,L62,-,D55,D,A36,-,P30,L,L50,L,M48,-,A53,-,D53,A,E90,-,A41,A,V55,-,Q55,Q,E52,E,E57,E,S44,-
-,P63,P,P56,P,-,-,-,-,P51,P,-,-,E54,-,P54,P,P91,-,N42,-,L56,L,L56,-,Q53,-,-,-,Q45,-
-,A64,P,I57,I,-,-,-,-,-,-,-,-,-,-,P55,P,-,-,E43,-,Q57,-,Q57,Q,T54,-,-,-,-,-
-,-,-,-,-,-,-,-,-,-,-,-,-,-,-,-,-,-,-,-,-,R58,-,-,-,G55,-,-,-,-,-
-,-,-,-,-,-,-,-,-,-,-,-,-,-,-,-,-,-,-,-,-,P59,-,-,-,-,-,-,-,-,-
-,-,-,-,-,-,-,-,-,-,-,-,-,-,-,-,-,-,-,-,-,A60,-,-,-,-,-,-,-,-,-
-,-,-,-,-,-,-,-,-,-,-,-,-,-,-,-,-,-,-,-,-,S61,-,-,-,-,-,-,-,-,-
-,-,-,-,-,-,-,-,-,-,-,-,-,-,-,-,-,-,-,-,-,I62,-,-,-,-,-,-,-,-,-
-,-,-,-,-,-,-,-,-,-,-,-,-,-,-,-,-,-,-,-,-,M63,-,-,-,-,-,-,-,-,-
-,-,-,-,-,-,-,-,-,-,-,-,-,-,-,-,-,-,-,-,-,E64,-,-,-,-,-,-,-,-,-
-,-,-,-,-,-,-,-,-,-,-,-,-,-,-,-,-,-,-,-,-,S65,-,-,-,-,-,-,-,-,-
-,-,-,-,-,-,-,-,-,-,-,-,-,-,-,-,-,-,-,-,-,D66,-,-,-,-,-,-,-,-,-
-,-,-,-,-,-,-,-,-,-,-,-,-,-,-,-,-,-,-,-,-,K67,-,-,-,-,-,-,-,-,-
-,-,-,-,-,-,-,-,-,-,-,-,-,-,-,-,-,-,-,-,-,G68,-,-,-,-,-,-,-,-,-
-,-,-,-,-,-,-,-,-,-,-,-,-,-,-,-,-,-,-,-,-,W69,-,-,-,-,-,-,-,-,-
-,-,-,-,-,-,-,-,-,-,-,-,-,-,-,-,-,-,-,-,-,T70,-,-,-,-,-,-,-,-,-
-,-,-,-,-,-,-,-,-,-,-,-,-,-,-,-,-,-,-,-,-,S71,-,-,-,-,-,-,-,-,-
-,-,-,-,-,-,-,-,-,-,-,-,-,-,-,-,-,-,-,-,-,A72,-,-,-,-,-,-,-,-,-
-,-,-,-,-,-,-,-,-,-,-,-,-,-,-,-,-,-,-,-,-,S73,-,-,-,-,-,-,-,-,-
-,-,-,-,-,-,-,-,-,-,-,-,-,-,-,-,-,-,-,-,-,T74,-,-,-,-,-,-,-,-,-
-,-,-,-,-,-,-,-,-,-,-,-,-,-,-,-,-,-,-,-,-,S75,-,-,-,-,-,-,-,-,-
-,-,-,-,-,-,-,-,-,-,-,-,-,-,-,-,-,-,-,-,-,G76,-,-,-,-,-,-,-,-,-
-,-,-,-,-,-,-,-,-,-,-,-,-,-,-,-,-,-,-,-,-,K77,-,-,-,-,-,-,-,-,-
-,-,-,-,-,-,-,-,-,-,-,-,-,-,-,-,-,-,-,-,-,P78,-,-,-,-,-,-,-,-,-
-,-,-,-,-,-,-,-,-,-,-,-,-,-,-,-,-,-,-,-,-,R79,-,-,-,-,-,-,-,-,-
-,-,-,-,-,-,-,-,-,-,-,-,-,-,-,-,-,-,-,-,-,K80,-,-,-,-,-,-,-,-,-
-,-,-,-,-,-,-,-,-,-,-,-,-,-,-,-,-,-,-,-,-,D81,-,-,-,-,-,-,-,-,-
-,-,-,-,-,-,-,-,-,-,-,-,-,-,-,-,-,-,-,-,-,K82,-,-,-,-,-,-,-,-,-
-,-,-,-,-,-,-,-,-,-,-,-,-,-,-,-,-,-,-,-,-,A83,-,-,-,-,-,-,-,-,-
-,-,-,-,-,-,-,-,-,-,-,-,-,-,-,-,-,-,-,-,-,S84,-,-,-,-,-,-,-,-,-
-,-,-,-,-,-,-,-,-,-,-,-,-,-,-,-,-,-,-,-,-,G85,-,-,-,-,-,-,-,-,-
-,-,-,-,-,-,-,-,-,-,-,-,-,-,-,-,-,-,-,-,-,K86,-,-,-,-,-,-,-,-,-
-,-,-,-,-,-,-,-,-,-,-,-,-,-,-,-,-,-,-,-,-,L87,-,-,-,-,-,-,-,-,-
-,-,-,-,-,-,-,-,-,-,-,-,-,-,-,-,-,-,-,-,-,Y88,-,-,-,-,-,-,-,-,-
-,-,-,-,-,-,-,-,-,-,-,-,-,-,-,-,-,-,-,-,-,P89,-,-,-,-,-,-,-,-,-
-,-,-,-,-,-,-,-,-,-,-,-,-,-,-,-,-,-,-,-,-,E90,-,-,-,-,-,-,-,-,-
-,-,-,-,-,-,-,-,-,-,-,-,-,-,-,-,-,-,-,-,-,S91,-,-,-,-,-,-,-,-,-
-,-,-,-,-,-,-,-,-,-,-,-,-,-,-,-,-,-,-,-,-,E92,-,-,-,-,-,-,-,-,-
-,-,-,-,-,-,-,-,-,-,-,-,-,-,-,-,-,-,-,-,-,E93,-,-,-,-,-,-,-,-,-
-,-,-,-,-,-,-,-,-,-,-,-,-,-,-,-,-,-,-,-,-,D94,-,-,-,-,-,-,-,-,-
-,-,-,-,-,-,-,-,-,-,-,-,-,-,-,-,-,-,-,-,-,K95,-,-,-,-,-,-,-,-,-
-,-,-,-,-,-,-,-,-,-,-,-,-,-,-,-,-,-,-,-,-,E96,-,-,-,-,-,-,-,-,-
-,-,-,-,-,-,-,-,-,-,-,-,-,-,-,-,-,-,-,-,-,A97,-,-,-,-,-,-,-,-,-
-,-,-,-,-,-,-,-,-,-,-,-,-,-,-,-,-,-,-,L44,L,P98,-,-,-,D56,D,-,-,-,-
-,-,-,-,-,-,-,-,-,-,-,-,-,-,-,-,-,-,-,M45,M,T99,-,-,-,L57,-,-,-,-,-
-,-,-,-,-,-,-,-,-,-,-,-,-,-,-,-,-,-,-,G46,G,G100,-,-,-,G58,-,-,-,-,-
-,Y65,Y,Q58,-,S37,-,L31,-,-,-,-,-,-,-,-,-,-,-,F47,L,S101,-,-,-,T59,-,-,-,-,-
-,Q66,-,Q59,-,N38,N,D32,-,P52,P,P49,-,P55,P,P56,P,-,-,N48,N,R102,R,-,-,E60,-,-,-,T46,-
-,G67,-,A60,-,I39,-,P33,-,P53,P,N50,N,P56,P,A57,A,-,-,D49,D,Y103,-,E58,E,Q61,-,N58,N,E47,-
-,E68,-,E61,E,S40,S,E34,-,T54,T,T51,-,S57,-,T58,T,S92,-,S50,S,R104,-,G59,G,P62,P,E59,-,K48,-
-,G69,G,G62,G,G41,G,G35,G,E55,E,T52,T,G58,G,D59,G,G93,G,S51,S,G105,-,E60,E,V63,-,T60,T,H49,-
-,P70,L,V63,P,L42,L,P36,P,L56,L,L53,-,L59,L,L60,L,I94,-,P52,P,R106,G,G61,G,P64,-,I61,-,K50,K
-,-,-,-,-,-,-,Y37,-,-,-,-,-,-,-,-,-,-,-,-,-,-,-,-,-,-,-,-,-,-,-
-,-,-,-,-,-,-,S38,-,-,-,-,-,-,-,-,-,-,-,-,-,-,-,-,-,-,-,-,-,-,-
-,Y71,Y,Y64,Y,Q43,Q,Y39,Y,V57,V,G54,G,A60,A,F61,F,F95,-,G53,G,P107,-,N62,-,G65,G,G62,G,A51,G
C,C72,C,C65,C,C44,C,C40,C,C58,C,C55,C,C61,C,C62,C,C96,C,C54,C,C108,C,C63,C,C66,C,C63,C,C52,C
-,N73,N,N66,N,N45,N,N41,N,N59,N,P56,-,N62,N,N63,N,N97,N,P55,P,L109,L,F64,-,E67,-,S64,-,S53,-
-,R74,R,R67,R,A46,A,T42,-,R60,R,A57,R,G63,G,R64,R,G98,G,G56,G,P110,P,P65,P,G68,G,K65,-,G54,G
-,T75,T,T68,T,S47,S,T43,T,T61,T,T58,T,S64,S,T65,T,T99,T,M57,M,E111,E,E66,E,M69,M,M66,M,V55,V
W,W76,W,W69,W,V48,V,L44,-,F62,F,W59,W,F65,F,F66,F,F100,F,W58,W,W112,W,W67,W,W70,W,W67,W,W56,W
D,D77,D,D70,D,D49,D,D45,D,D63,D,D60,D,D66,D,D67,D,D101,D,D59,D,D113,D,D68,D,D71,D,D68,D,D57,D
-,G78,G,G71,G,L50,L,Q46,Q,K64,K,G61,-,M67,M,E68,-,Q102,-,N60,N,H114,G,G69,G,N72,N,N69,N,N58,N
-,W79,W,W72,W,I51,I,I47,I,Y65,Y,L62,L,Y68,Y,Y69,Y,Y103,F,I61,I,I115,I,L70,L,I73,M,L70,I,I59,I
-,-,-,-,-,G52,G,G48,G,-,-,-,-,-,-,-,-,-,-,-,-,-,-,-,-,-,-,-,-,-,-
-,L80,L,L73,L,T53,T,T49,T,S66,S,L63,L,V69,V,A70,A,V104,V,T62,T,L116,V,I71,I,S74,S,T71,T,T60,T
C,C81,C,C74,C,C54,C,C50,C,C67,C,C64,C,C70,C,C71,C,C105,C,C63,C,C117,C,C72,C,C75,C,C72,C,C61,C
W,W82,W,W75,W,W55,W,W51,W,W68,W,W65,W,W71,W,W72,W,W106,W,W64,W,W118,W,W73,W,W76,W,W73,W,W62,W
P,D83,D,N76,-,P56,P,P52,P,P69,P,P66,P,D72,D,P73,P,P107,P,K65,K,P119,P,P74,P,P77,P,P74,P,R63,R
-,D84,D,D77,D,R57,R,R53,R,D70,D,T67,-,Y73,Y,D74,D,H108,H,P66,P,L120,E,R75,R,S78,S,A75,-,P64,P
-,T85,T,V78,V,S58,S,S54,S,T71,T,A68,A,A74,-,G75,G,S109,S,A67,A,G121,G,G76,G,S79,S,T76,A,A65,A
-,P86,P,A79,A,P59,-,A55,-,P72,-,G69,-,A75,A,E76,L,S110,-,H68,-,A122,-,T77,-,V80,A,P77,-,N66,-
-,A87,A,A80,A,A60,A,A56,A,A73,P,S70,-,P76,P,P77,P,P111,P,V69,V,P123,P,V78,-,P81,-,R78,-,V67,-
G,G88,G,G81,G,G61,G,G57,G,N74,N,G71,G,N77,N,G78,G,G112,G,G70,G,G124,G,G79,G,G82,G,G79,G,G68,G
-,V89,-,T82,T,Q62,Q,A58,-,T75,T,E72,E,A78,-,S79,S,N113,N,E71,E,E125,-,K80,K,R83,Q,Q80,E,E69,E
-,L90,-,E83,-,L63,L,L59,L,T76,T,W73,-,T79,T,F80,F,-,-,M72,-,V126,V,I81,-,M84,T,V81,V,T70,T
V,S91,-,S84,S,V64,V,V60,V,A77,A,V74,V,A80,A,V81,V,V114,V,V73,V,V127,V,S82,-,V85,V,V82,V,V71,V
-,Y92,-,M85,-,V65,-,E61,E,N78,N,T75,-,R81,R,N82,N,S115,S,L74,-,A128,A,A83,A,E86,-,V83,V,T72,T
-,Q93,Q,Q86,Q,R66,R,R62,R,I79,V,L76,L,A82,A,V83,V,V116,V,V75,V,V129,-,V84,V,V87,-,L84,-,V73,V
-,F94,N,L87,H,P67,P,P63,P,S80,S,P77,P,S83,S,S84,S,P117,P,S76,-,P130,P,P85,P,E88,-,A85,-,P74,P
C,C95,C,C88,C,C68,C,C64,C,C81,C,C78,C,C84,C,C85,C,C118,C,C77,C,C131,C,C86,C,C89,C,C86,C,C75,C
P,P96,P,P89,P,P69,P,P65,P,P82,P,P79,P,P85,P,P86,P,P119,P,P78,P,P132,P,P87,P,P90,P,P87,P,P76,P
-,D97,D,D90,D,A70,E,E66,E,W83,W,D80,-,W86,W,W87,W,S120,S,E79,E,D133,D,P88,-,R91,-,L88,-,K77,K
Y,Y98,Y,Y91,Y,F71,Y,Y67,Y,Y84,Y,F81,-,Y87,Y,Y88,Y,Y121,Y,L80,L,Y134,Y,Y89,Y,F92,F,I89,Y,V78,V
F,F99,F,F92,F,F72,F,F68,F,L85,L,F82,F,L88,L,L89,L,L122,L,F81,F,I135,I,I90,I,L93,L,F90,F,F79,F
-,P100,P,Q93,Q,Y73,Y,N69,N,P86,P,S83,S,P89,P,P90,P,P123,P,R82,R,Y136,Y,Y91,Y,R94,Q,K91,-,S80,S
-,D101,D,D94,D,G74,G,G70,G,W87,W,H84,H,W90,W,W91,W,W124,W,I83,I,D137,D,D92,D,M95,M,L92,-,N81,-
-,F102,F,F95,F,V75,V,V71,V,H88,H,F85,F,H91,H,A92,A,W125,-,F84,F,F138,F,F93,F,L96,L,F93,F,F82,F
-,D103,D,D96,D,R76,R,K72,K,H89,H,S86,-,H92,-,S93,S,S126,-,N85,N,N139,N,N94,N,T97,T,S94,S,Y83,-
-,-,-,-,-,Y77,Y,Y73,Y,K90,K,S87,-,H93,H,S94,S,E127,-,P86,-,-,-,-,-,S98,G,S95,-,S84,-
-,-,-,-,-,-,-,-,-,-,-,-,-,-,-,-,-,-,-,D87,-,-,-,-,-,-,-,-,-,-,-
-,-,-,-,-,-,-,-,-,-,-,-,-,-,-,-,-,-,-,Q88,-,-,-,-,-,-,-,-,-,-,-
-,-,-,-,-,-,-,-,-,-,-,-,-,-,-,-,-,-,-,V89,-,-,-,-,-,-,-,-,-,-,-
-,-,-,-,-,-,-,-,-,-,-,-,-,-,-,-,-,-,-,W90,W,-,-,-,-,-,-,-,-,-,-
-,-,-,-,-,-,-,-,-,-,-,-,-,-,-,-,-,-,-,E91,E,-,-,-,-,-,-,-,-,-,-
-,-,-,-,-,-,-,-,-,-,-,-,-,-,-,-,-,-,-,T92,-,-,-,-,-,-,-,-,-,-,-
-,-,-,-,-,-,-,-,-,-,-,-,-,-,-,-,-,-,-,E93,E,-,-,-,-,-,-,-,-,-,-
-,-,-,-,-,-,-,-,-,-,-,-,-,-,-,-,-,-,-,T94,T,-,-,-,-,-,-,-,-,-,-
-,-,-,-,-,-,-,-,-,-,-,-,-,-,-,-,-,-,-,I95,I,-,-,-,-,-,-,-,-,-,-
-,-,-,-,-,-,-,-,-,-,-,-,-,-,-,-,-,-,-,G96,G,-,-,-,-,-,-,-,-,-,-
-,-,-,-,-,-,-,-,-,-,-,-,-,-,-,-,-,-,-,E97,E,-,-,-,-,-,-,-,-,-,-
-,-,-,-,-,-,-,-,-,-,-,-,-,-,-,-,-,-,-,S98,-,-,-,-,-,-,-,-,-,-,-
-,-,-,-,-,-,-,-,-,-,-,-,-,-,-,-,-,-,-,D99,-,-,-,-,-,-,-,-,-,-,-
-,-,-,-,-,-,-,-,-,-,-,-,-,-,-,-,-,-,-,F100,F,-,-,-,-,-,-,-,-,-,-
-,-,-,-,-,-,-,-,-,-,-,-,-,-,-,-,-,-,-,G101,-,-,-,-,-,-,-,-,-,-,-
-,-,-,-,-,-,-,-,-,-,-,-,-,-,-,-,-,-,-,D102,D,-,-,-,-,-,-,-,-,-,-
-,-,-,-,-,-,-,-,-,-,-,-,-,-,-,-,-,-,-,S103,S,-,-,-,-,-,-,-,-,-,-
-,-,-,-,-,-,-,-,-,-,-,-,-,-,-,-,-,-,-,N104,N,-,-,-,-,-,-,-,-,-,-
-,-,-,-,-,-,-,-,-,-,-,-,-,-,-,-,-,-,-,S105,S,-,-,-,-,-,-,-,-,-,-
-,-,-,-,-,-,-,-,-,-,-,-,-,-,-,-,-,-,-,L106,-,-,-,-,-,-,-,-,-,-,-
-,-,-,-,-,-,-,-,-,-,-,-,-,-,-,-,-,-,-,D107,D,-,-,-,-,-,-,-,-,-,-
-,-,-,-,-,-,-,-,-,-,-,-,-,-,-,-,-,-,-,L108,L,-,-,-,-,-,-,-,-,-,-
-,-,-,-,-,N78,N,N74,N,V91,V,-,-,V94,V,V95,V,E128,-,S109,S,-,-,-,-,-,-,I96,-,-,-
-,P104,P,P97,P,T79,T,T75,T,Q92,Q,E88,E,A95,A,P96,L,S129,S,D110,D,H140,H,H95,H,R99,-,Q97,-,K85,K
-,S105,T,S98,S,T80,T,T76,T,H93,H,S89,P,A96,-,Q97,Q,S130,-,M111,-,K141,K,K96,K,N100,-,G98,-,A86,P
G,E106,E,E99,E,N81,N,R77,R,R94,R,G90,G,G97,G,G98,G,G131,G,G112,G,G142,G,G97,G,G101,G,R99,G,G87,G
-,K107,K,K100,K,N82,N,N78,N,F95,-,A91,-,F98,F,H99,H,R132,R,V113,-,H143,H,V98,-,S102,-,N100,N,N88,N
V,V108,A,V101,V,G83,G,A79,A,V96,V,V92,V,V99,V,V100,V,A133,A,V114,V,A144,A,A99,A,L103,V,V101,V,I89,I
-,T109,T,T102,T,Y84,Y,Y80,Y,F97,F,K93,K,L100,L,Y101,Y,Y134,Y,S115,S,Y145,Y,F100,F,F104,-,S102,S,S90,S
R,K110,K,K103,K,R85,R,R81,R,K98,K,R94,R,R101,R,R102,R,R135,R,R116,R,R146,R,R101,R,R105,R,R103,R,K91,K
-,Y111,Y,I104,I,E86,E,E82,E,R99,-,D95,N,Q102,-,F103,F,H136,-,N117,N,R147,R,H102,H,N106,N,S104,-,N92,N
C,C112,C,C105,C,C87,C,C83,C,C100,C,C96,C,C103,C,C104,C,C137,C,C118,C,C148,C,C103,C,C107,C,C105,C,C93,C
-,D113,D,D106,D,L88,L,L84,L,G101,G,T97,T,G104,G,T105,T,L138,L,T119,T,D149,D,N104,-,T108,T,T106,T,T94,T
-,E114,E,Q107,-,A89,A,E85,-,P102,P,I98,-,S105,S,A106,-,A139,-,E120,E,R150,-,P105,-,Q109,-,D107,-,S95,S
-,K115,-,D108,-,N90,N,N86,N,D103,D,T99,-,D106,D,E107,E,Q140,-,D121,D,N151,N,N106,N,D110,-,E108,-,D96,-
G,G116,G,G109,G,G91,G,G87,G,G104,G,G100,G,G107,G,G108,G,G141,G,G122,G,G152,G,G107,G,G111,G,G109,G,G97,G
-,V117,-,N110,N,S92,S,T88,T,Q105,Q,-,-,Q108,Q,L109,L,T142,T,-,-,S153,S,T108,T,-,-,-,-,-,-
W,W118,W,W111,W,W93,W,W89,W,W106,W,W101,W,W109,W,W110,W,W143,W,W123,W,W154,W,W109,W,W112,W,W110,W,W98,W
-,F119,F,F112,F,A94,A,A90,A,V107,V,S102,S,-,-,L111,L,Q144,Q,S124,S,E155,E,D110,D,S113,S,T111,T,S99,S
-,K120,R,R113,R,A95,A,S91,S,R108,-,E103,-,-,-,Q112,-,T145,T,E125,E,L156,L,F111,F,E114,E,H112,-,E100,E
-,H121,H,H114,H,-,-,-,-,-,-,-,-,-,-,K113,K,I146,-,-,-,V157,V,M112,-,-,-,-,-,-,-
-,P122,P,P115,P,-,-,-,-,G109,G,-,-,-,-,D114,D,E147,E,-,-,P158,P,H113,-,-,-,-,-,-,-
-,E123,E,A116,E,-,-,-,-,P110,P,-,-,-,-,N115,N,N148,N,-,-,G159,G,S114,S,-,-,-,-,-,-
-,N124,-,S117,S,-,-,-,-,R111,R,-,-,-,-,S116,S,A149,S,-,-,H160,-,L115,L,-,-,-,-,-,-
-,N125,N,N118,N,-,-,-,-,G112,G,P104,P,-,-,S117,S,T150,T,P126,P,N161,N,N116,N,T115,-,L113,-,T101,-
-,R126,R,R119,R,-,-,-,-,Q113,Q,F105,F,G110,G,L118,L,D151,D,F127,F,R162,R,K117,K,F116,F,E114,-,F102,F
P,T127,T,T120,T,-,-,-,-,P114,P,P106,P,L111,P,P119,P,I152,I,P128,P,T163,T,T118,T,P117,P,P115,P,P103,P
W,W128,W,W121,W,R96,R,K92,K,W115,-,-,-,W112,W,W120,W,W153,W,-,-,W164,W,W119,W,-,-,G116,-,-,-
-,S129,S,T122,T,V97,V,I93,I,R116,R,P107,P,R113,R,R121,R,Q154,R,H129,H,A165,A,A120,-,R118,R,P117,P,D104,D
-,N130,N,N123,N,N98,N,N94,N,D117,N,Y108,Y,D114,D,D122,N,D155,D,Y130,Y,N166,N,N121,N,P119,P,Y118,Y,F105,-
-,Y131,Y,Y124,Y,Y99,Y,Y95,Y,A118,A,P109,-,H115,H,L123,L,D156,-,F131,-,Y167,Y,Y122,Y,N120,D,P119,-,V106,-
-,T132,T,T125,T,S100,S,S96,S,S119,S,V110,-,T116,S,S124,S,S157,S,D132,D,S168,S,S123,S,L121,-,I120,V,D107,S
-,M133,L,Q126,Q,E101,-,Q97,Q,Q120,Q,A111,A,Q117,Q,E125,E,E158,E,A133,A,E169,E,D124,D,A122,A,A121,A,A108,A
C,C134,C,C127,C,C102,C,C98,C,C121,C,C112,C,C118,C,C126,C,C159,C,C134,C,C170,C,C125,C,C123,C,C122,C,C109,C
-,N135,N,N128,N,Q103,Q,E99,E,Q122,-,P113,P,E119,E,E127,E,S160,S,G135,G,V171,-,L126,L,G124,G,G123,G,G110,G
-,A136,-,V129,-,E104,E,P100,P,M123,-,V114,V,N120,N,E128,E,E161,E,F136,F,K172,K,R127,R,V125,-,L124,Y,Y111,Y
-,F137,F,N130,-,I105,I,I101,I,D124,D,P115,-,P121,P,S129,S,N162,-,D137,D,F173,F,F128,F,N126,N,D125,D,S112,-
-,T138,T,T131,T,L106,L,L102,L,G125,-,L116,D,E122,E,K130,K,H163,H,E138,E,L174,L,L129,L,V127,V,D126,-,D113,D
-,P139,-,H132,H,N107,-,D103,D,E126,-,E117,E,K123,K,R131,R,S164,-,Y139,-,-,-,Q130,Q,N128,N,K127,N,P114,-
-,E140,E,E133,E,E108,E,D104,D,E127,E,L118,-,N124,N,G132,G,F165,F,E140,E,-,-,P131,P,D129,D,A128,-,E115,E
-,-,-,-,-,E109,E,K105,K,I128,-,L119,P,E125,-,E133,D,K166,K,S141,-,T175,T,D132,D,S130,-,A129,T,-,-
-,-,-,-,-,-,-,Q106,-,E129,E,-,-,A126,-,R134,R,Q167,-,E142,E,N176,N,I133,I,S131,-,S130,-,-,-
-,-,-,-,-,-,-,-,-,-,-,-,-,-,-,-,-,-,-,-,-,-,-,-,-,-,-,L131,-,-,-
-,-,-,-,-,-,-,-,-,V130,V,-,-,F127,F,S135,-,N168,-,T143,-,E177,E,S134,-,N132,N,D132,D,D116,D
-,-,-,-,-,-,-,-,-,Q131,Q,-,-,-,-,S136,S,-,-,-,-,-,-,-,-,-,-,-,-,-,-
-,-,-,-,-,-,-,-,-,-,-,-,-,-,-,P137,P,-,-,-,-,-,-,-,-,-,-,-,-,-,-
-,-,-,-,-,K110,K,R107,R,K132,-,A120,-,L128,Q,E138,E,V169,V,G144,G,T178,T,I135,-,E133,E,E133,E,E117,E
-,-,-,-,-,K111,K,K108,K,E133,-,E121,E,D129,D,E139,E,D170,-,D145,D,R179,R,G136,G,K134,-,Q134,Q,S118,-
-,K141,K,K134,K,S112,S,Y109,Y,V134,-,E122,E,Q130,Q,Q140,Q,R171,-,Q146,Q,E180,E,K137,K,R135,R,Q135,Q,K119,K
-,L142,L,V135,V,K113,K,D110,-,A135,A,E123,-,R131,R,-,-,Y172,-,D147,D,R181,R,Q138,Q,H136,-,T136,-,I120,-
-,K143,K,K136,K,V114,-,L111,L,K136,K,S124,S,L132,L,-,-,A173,-,Y148,Y,E182,E,E139,E,S137,-,M137,-,T121,-
-,N144,-,T137,T,H115,H,H112,H,M137,-,Y125,Y,I133,I,-,-,L174,L,Y149,Y,V183,V,F140,F,Y138,Y,F138,F,F122,F
-,A145,A,A138,A,-,-,-,-,-,-,-,-,-,-,-,-,-,-,-,-,-,-,-,-,-,-,-,-,-,-
-,Y146,Y,L139,L,Y116,Y,Y113,Y,Y138,Y,F126,F,L134,L,L141,L,L175,L,Y150,Y,F184,F,F141,F,L139,-,Y139,Y,Y123,Y
-,-,-,-,-,H117,H,R114,K,S139,S,S127,S,E135,E,L142,L,S176,S,L151,L,D185,D,E142,E,L140,-,G140,-,I124,V
-,V147,I,N140,N,V118,I,I115,I,S140,S,T128,T,R136,R,F143,S,T177,T,S152,S,R186,R,R143,R,K141,K,S141,-,L125,-
-,L148,L,L141,L,A119,A,A116,A,F141,F,V129,V,L137,L,L144,L,L178,L,V153,V,L187,L,L144,L,L142,L,V142,V,V126,V
-,Y149,Y,F142,F,V120,V,L117,L,Q142,-,K130,K,Q138,Q,Y145,S,Q179,Q,K154,K,G188,Y,Y145,Y,K143,K,K143,K,K127,K
-,Y150,Y,Y143,Y,I121,I,V118,I,V143,V,I131,I,V139,V,I146,I,L180,L,A155,A,M189,L,V146,V,V144,-,T144,T,A128,A
-,L151,M,L144,L,I122,I,V119,I,M144,M,I132,I,M140,M,I147,I,M181,-,L156,L,I190,I,M147,M,M145,M,G145,G,I129,I
Y,A152,A,T145,A,N123,N,N120,N,Y145,Y,Y133,Y,Y141,Y,Y148,Y,Y182,Y,Y157,Y,Y191,Y,Y148,Y,Y146,Y,Y146,Y,Y130,Y
T,I153,I,I146,I,Y124,Y,Y121,Y,T146,T,T134,T,T142,T,T149,T,T183,T,T158,T,T192,T,T149,T,T147,T,T147,T,T131,T
-,V154,V,I147,I,L125,L,L122,L,V147,V,V135,-,V143,V,V150,V,V184,V,V159,V,V193,V,V150,-,V148,V,I148,I,L132,L
G,G155,G,G148,G,G126,G,G123,G,G148,G,G136,G,G144,G,G151,G,G185,G,G160,G,G194,G,G151,G,G149,G,G149,G,G133,G
Y,H156,H,H149,H,H127,H,H124,H,Y149,Y,H137,Y,Y145,Y,Y152,Y,Y186,Y,Y161,Y,Y195,Y,Y152,Y,Y150,Y,Y150,H,Y134,H
S,S157,A,G150,G,C128,C,C125,C,S150,S,S138,S,S146,S,A153,A,S187,S,S162,S,S196,S,S153,S,S151,S,G151,S,S135,S
-,L158,L,L151,L,I129,I,V126,I,L151,L,I139,I,L147,L,L154,L,F188,L,T163,T,V197,I,I154,V,S152,-,L152,L,V136,V
S,S159,S,S152,S,S130,S,S127,S,S152,S,S140,S,S148,S,S155,S,S189,S,S164,S,S198,S,S155,S,S153,S,S153,S,S137,S
L,I160,I,I153,I,L131,L,V128,V,L153,L,I141,-,L149,L,F156,F,L190,L,L165,L,L199,L,F156,F,L154,L,L154,L,L138,L
-,F161,-,A154,A,V132,-,A129,G,G154,G,V142,-,A150,A,S157,S,I191,-,V166,V,A200,G,G157,-,V155,V,A155,-,M139,I
-,T162,S,S155,S,A133,A,A130,A,A155,A,A143,-,T151,T,A158,A,S192,S,T167,S,S201,S,S158,S,M156,-,T156,-,S140,A
L,L163,L,L156,L,L134,L,L131,L,L156,L,L144,L,L152,L,L159,L,L193,L,L168,L,L202,L,L159,L,L157,L,L157,L,L141,L
-,V164,L,L157,L,L135,L,V132,V,L157,L,F145,-,L153,L,V160,V,F194,-,T169,T,T203,T,A160,A,L158,-,L158,-,A142,T
-,I165,I,I158,I,V136,V,A133,V,L158,L,V146,V,L154,L,I161,I,L195,L,T170,T,V204,V,V161,V,V159,V,V159,-,T143,T
A,S166,S,S159,S,A137,A,A134,A,A159,A,A147,A,A155,A,A162,A,A196,A,A171,A,A205,A,A162,A,A160,A,A160,A,G144,G
-,L167,L,L160,L,F138,F,F135,F,L160,L,I148,V,L156,L,S163,S,L197,L,M172,M,V206,V,I163,I,L161,L,T161,-,S145,S
-,G168,A,G161,G,V139,V,L136,-,A161,A,T149,-,L157,L,A164,A,T198,-,V173,V,L207,L,L164,L,G162,-,A162,-,I146,I
I,I169,I,I162,I,L140,L,L137,L,I162,I,I150,I,I158,I,I165,I,L199,L,I174,I,I208,I,I165,I,I163,I,I163,I,I147,I
L,F170,F,F163,F,F141,F,F138,F,L163,L,L151,L,L159,L,L166,L,L200,L,L175,L,L209,L,I166,I,L164,L,L164,L,L148,L
-,V171,F,F164,F,L142,L,L139,L,G164,L,V152,-,S160,S,L167,L,L201,L,C176,C,A210,G,G167,G,C165,C,S165,-,C149,C
-,F172,Y,Y165,Y,R143,R,A140,C,G165,G,A153,A,L161,-,G168,G,F202,-,R177,R,Y211,Y,Y168,Y,A166,-,L166,L,L150,L
F,F173,F,F166,F,L144,L,L141,L,L166,F,L154,F,F162,F,F169,F,L203,L,F178,F,F212,F,F169,F,F167,F,F167,F,F151,F
-,-,-,-,-,R145,-,-,-,-,-,-,-,-,-,-,-,-,-,-,-,-,-,-,-,-,-,-,-,-,-
-,-,-,-,-,P146,-,-,-,-,-,-,-,-,-,-,-,-,-,-,-,-,-,-,-,-,-,-,-,-,-
-,-,-,-,-,G147,-,-,-,-,-,-,-,-,-,-,-,-,-,-,-,-,-,-,-,-,-,-,-,-,-
-,-,-,-,-,C148,-,-,-,-,-,-,-,-,-,-,-,-,-,-,-,-,-,-,-,-,-,-,-,-,-
-,-,-,-,-,T149,-,-,-,-,-,-,-,-,-,-,-,-,-,-,-,-,-,-,-,-,-,-,-,-,-
-,-,-,-,-,H150,-,-,-,-,-,-,-,-,-,-,-,-,-,-,-,-,-,-,-,-,-,-,-,-,-
-,-,-,-,-,W151,-,-,-,-,-,-,-,-,-,-,-,-,-,-,-,-,-,-,-,-,-,-,-,-,-
-,-,-,-,-,G152,-,-,-,-,-,-,-,-,-,-,-,-,-,-,-,-,-,-,-,-,-,-,-,-,-
-,-,-,-,-,D153,-,-,-,-,-,-,-,-,-,-,-,-,-,-,-,-,-,-,-,-,-,-,-,-,-
-,-,-,-,-,Q154,-,-,-,-,-,-,-,-,-,-,-,-,-,-,-,-,-,-,-,-,-,-,-,-,-
-,-,-,-,-,A155,-,-,-,-,-,-,-,-,-,-,-,-,-,-,-,-,-,-,-,-,-,-,-,-,-
-,-,-,-,-,D156,-,-,-,-,-,-,-,-,-,-,-,-,-,-,-,-,-,-,-,-,-,-,-,-,-
-,-,-,-,-,G157,-,-,-,-,-,-,-,-,-,-,-,-,-,-,-,-,-,-,-,-,-,-,-,-,-
-,-,-,-,-,A158,-,-,-,-,-,-,-,-,-,-,-,-,-,-,-,-,-,-,-,-,-,-,-,-,-
-,-,-,-,-,L159,-,-,-,-,-,-,-,-,-,-,-,-,-,-,-,-,-,-,-,-,-,-,-,-,-
-,-,-,-,-,E160,-,-,-,-,-,-,-,-,-,-,-,-,-,-,-,-,-,-,-,-,-,-,-,-,-
-,-,-,-,-,V161,-,-,-,-,-,-,-,-,-,-,-,-,-,-,-,-,-,-,-,-,-,-,-,-,-
-,-,-,-,-,G162,-,-,-,-,-,-,-,-,-,-,-,-,-,-,-,-,-,-,-,-,-,-,-,-,-
-,-,-,-,-,A163,-,-,-,-,-,-,-,-,-,-,-,-,-,-,-,-,-,-,-,-,-,-,-,-,-
-,-,-,-,-,P164,-,-,-,-,-,-,-,-,-,-,-,-,-,-,-,-,-,-,-,-,-,-,-,-,-
-,-,-,-,-,W165,-,-,-,-,-,-,-,-,-,-,-,-,-,-,-,-,-,-,-,-,-,-,-,-,-
-,-,-,-,-,S166,-,-,-,-,-,-,-,-,-,-,-,-,-,-,-,-,-,-,-,-,-,-,-,-,-
-,-,-,-,-,G167,-,-,-,-,-,-,-,-,-,-,-,-,-,-,-,-,-,-,-,-,-,-,-,-,-
-,-,-,-,-,A168,-,-,-,-,-,-,-,-,-,-,-,-,-,-,-,-,-,-,-,-,-,-,-,-,-
-,-,-,-,-,P169,-,-,-,-,-,-,-,-,-,-,-,-,-,-,-,-,-,-,-,-,-,-,-,-,-
-,-,-,-,-,F170,-,-,-,-,-,-,-,-,-,-,-,-,-,-,-,-,-,-,-,-,-,-,-,-,-
-,-,-,-,-,Q171,-,-,-,-,-,-,-,-,-,-,-,-,-,-,-,-,-,-,-,-,-,-,-,-,-
-,-,-,-,-,V172,-,-,-,-,-,-,-,-,-,-,-,-,-,-,-,-,-,-,-,-,-,-,-,-,-
-,-,-,-,-,R173,-,-,-,-,-,-,-,-,-,-,-,-,-,-,-,-,-,-,-,-,-,-,-,-,-
R,R174,K,K167,K,R174,R,R142,R,S167,S,R155,R,R163,R,R170,R,R204,R,R179,R,R213,R,R170,R,R168,R,R168,R,R152,R
-,S175,S,S168,S,S175,S,S143,S,K168,K,R156,R,R164,R,H171,H,K205,K,K180,K,R214,R,R171,R,R169,R,K169,K,K153,K
L,L176,L,L169,L,I176,I,I144,I,L169,L,L157,L,L165,L,L172,L,L206,L,L181,L,L215,L,L172,L,L170,L,L170,L,L154,L
H,G177,S,S170,S,R177,R,R145,R,H170,H,H158,R,H166,R,H173,H,H207,H,H182,H,H216,H,H173,H,H171,H,H171,H,H155,H
C,C178,C,C171,C,C178,C,C146,C,C171,C,C159,C,C167,C,C174,C,C208,C,C183,C,C217,C,C174,C,C172,C,C172,C,C156,C
T,Q179,Q,Q172,Q,L179,L,L147,L,T172,M,P160,P,T168,T,T175,T,T209,T,T184,T,T218,T,T175,T,T173,T,T173,T,T157,T
R,R180,R,R173,R,R180,R,R148,R,R173,R,R161,R,R169,R,R176,R,R210,R,R185,R,R219,R,R176,R,R174,R,R174,R,R158,R
N,V181,I,I174,I,N181,N,N149,N,N174,N,N162,N,N170,N,N177,N,N211,N,N186,N,N220,N,N177,N,N175,N,N175,N,N159,N
Y,T182,T,T175,T,I182,I,V150,I,A175,Y,Y163,Y,Y171,Y,Y178,Y,Y212,Y,F187,F,Y221,Y,Y178,Y,Y176,Y,Y176,Y,Y160,Y
I,L183,L,L176,L,I183,I,I151,I,I176,I,V164,I,I172,I,I179,I,I213,I,I188,I,I222,I,I179,I,I177,I,I177,I,I161,I
H,H184,H,H177,H,H184,H,H152,H,H177,H,H165,H,H173,H,H180,H,H214,H,H189,H,H223,H,H180,H,H178,H,H178,H,H162,H
-,K185,K,K178,K,W185,W,W153,W,A178,M,T166,-,I174,I,L181,L,M215,M,M190,M,M224,M,M181,M,M179,M,M179,M,L163,L
N,N186,N,N179,N,N186,N,N154,N,N179,N,Q167,Q,N175,N,N182,N,N216,N,N191,N,H225,H,H182,H,H180,H,H180,H,N164,N
L,M187,L,L180,L,L187,L,L155,L,L180,L,L168,L,L176,L,L183,L,L217,L,L192,L,L226,L,L183,L,L181,L,L181,L,L165,L
F,F188,F,F181,F,I188,I,I156,I,F181,F,F169,F,F177,F,F184,F,F218,F,F193,F,F227,F,F184,F,F182,F,F182,F,F166,F
-,L189,-,F182,F,S189,T,T157,T,A182,A,T170,-,T178,-,A185,A,A219,A,V194,V,L228,V,V185,V,V183,V,I183,-,L167,L
S,T190,S,S183,S,A190,A,T158,T,S183,S,T171,T,S179,S,S186,S,S220,S,S195,S,S229,S,S186,S,S184,S,S184,S,S168,S
F,Y191,Y,F184,F,F191,F,F159,F,F184,F,F172,F,F180,F,F187,F,F221,F,F196,F,F230,F,F187,F,F185,F,F185,F,F169,F
I,I192,V,V185,V,I192,I,I160,I,V185,I,I173,I,M181,M,I188,I,I222,I,M197,I,M231,M,M188,M,I186,I,I186,I,I170,I
L,L193,L,C186,C,L193,L,L161,L,L186,L,L174,L,L182,L,L189,L,L223,L,L198,L,L232,L,L189,L,L187,L,L187,L,L171,L
R,N194,N,N187,N,R194,R,R162,R,K187,K,K175,K,R183,R,R190,R,R224,R,R199,R,R233,R,R190,R,R188,R,R188,R,R172,R
A,S195,S,S188,S,N195,N,N163,N,A188,A,A176,A,A184,A,A191,A,T225,A,A200,A,A234,A,A191,A,A189,A,A189,A,A173,A
-,M196,-,V189,V,A196,A,V164,V,S189,-,G177,-,A185,A,L192,L,L226,-,I201,I,V235,V,T192,-,L190,L,A190,I,I174,I
-,I197,-,V190,V,T197,T,M165,M,S190,S,A178,A,A186,A,S193,S,A227,A,S202,S,S236,S,S193,S,S191,S,A191,A,S175,S
-,I198,T,T191,T,W198,W,W166,W,V191,V,V179,V,I187,I,V194,V,V228,V,V203,V,I237,I,I194,I,N192,N,V192,V,V176,V
F,I199,I,I192,I,F199,F,F167,F,L192,L,F180,F,L188,L,F195,F,L229,L,F204,F,F238,F,F195,F,F193,F,F193,F,L177,L
-,I200,I,I193,I,V200,V,L168,L,V193,V,L181,I,S189,T,I196,I,V230,-,I205,I,V239,V,V196,V,I194,I,I194,I,V178,V
K,H201,H,H194,-,V201,V,L169,L,I194,I,K182,K,R190,R,K197,K,K231,K,K206,K,K240,K,K197,K,K195,K,K195,K,K179,K
D,L202,L,L195,L,Q202,Q,Q170,Q,D195,D,D183,D,D191,D,D198,D,D232,D,D207,D,D241,D,D198,D,D196,D,D196,D,D180,D
-,V203,V,T196,T,L203,L,L171,L,G196,A,A184,A,R192,R,A199,A,V233,-,W208,-,A242,A,R199,-,A197,A,L197,-,D181,D
-,E204,-,A197,A,T204,T,-,-,L197,L,A185,-,L193,L,A200,V,V234,-,I209,V,V243,V,V200,V,V198,V,A198,-,V182,I
L,V205,V,V198,V,M205,M,V172,I,L198,L,L186,L,L194,L,L201,L,F235,-,L210,L,L244,L,V201,V,L199,L,L199,L,L183,L
-,V206,V,A199,A,S206,S,D173,D,R199,-,F187,F,P195,P,K202,K,Y236,Y,Y211,Y,Y245,Y,H202,H,F200,F,F200,F,Y184,Y
-,P207,P,N200,N,P207,P,H174,H,T200,T,H188,-,R196,-,W203,W,N237,N,A212,A,S246,S,A203,-,S201,S,D201,-,S185,S
-,N208,N,N201,N,-,-,-,-,R201,R,S189,-,P197,P,M204,M,S238,-,E213,E,G247,G,H204,H,S202,S,S202,S,S186,S
-,-,-,-,-,-,-,-,-,Y202,Y,-,-,G198,G,Y205,Y,Y239,Y,-,-,A248,S,I205,-,-,-,-,-,-,-
-,-,-,-,-,-,-,-,-,S203,S,-,-,P199,P,S206,S,S240,S,-,-,T249,A,G206,G,-,-,-,-,-,-
-,-,-,-,-,-,-,-,-,Q204,Q,-,-,-,-,T207,T,K241,K,-,-,L250,L,V207,-,-,-,-,-,-,-
-,-,-,-,-,-,-,-,-,K205,K,-,-,-,-,A208,A,R242,R,-,-,D251,E,K208,K,-,-,-,-,-,-
-,-,-,-,-,-,-,-,-,-,-,-,-,-,-,-,-,-,-,-,-,E252,E,E209,E,-,-,-,-,-,-
-,-,-,-,-,-,-,-,-,I206,I,-,-,-,-,-,-,P243,P,-,-,A253,M,L210,L,-,-,-,-,-,-
-,-,-,-,-,-,-,-,-,G207,G,-,-,-,-,A209,-,D244,-,-,-,E254,E,E211,-,-,-,-,-,-,-
-,-,-,-,-,-,-,-,-,-,-,-,-,-,-,-,-,-,-,-,-,R255,R,S212,S,-,-,-,-,-,-
-,-,-,-,-,-,-,-,-,-,-,-,-,-,-,-,-,-,-,-,-,L256,-,L213,L,-,-,-,-,-,-
-,-,-,-,-,-,-,-,-,-,-,-,-,-,-,-,-,-,-,-,-,T257,T,I214,L,-,-,-,-,-,-
-,-,-,-,-,-,-,-,-,-,-,-,-,-,-,-,-,-,-,-,-,E258,E,M215,M,-,-,-,-,-,-
-,-,-,-,-,-,-,-,-,-,-,-,-,-,-,-,-,-,-,-,-,-,-,Q216,-,-,-,-,-,-,-
-,G209,P,Q202,Q,-,-,-,-,D208,D,D190,E,Y200,Y,Q210,Q,N245,D,Q214,Q,E259,E,D217,D,D203,-,G203,G,S187,S
-,E210,E,A203,E,E208,E,E175,N,D209,D,D191,D,L201,-,Q211,Q,E246,E,D215,D,E260,D,D218,D,D204,D,E204,E,G188,-
-,L211,L,L204,L,-,-,-,-,L210,-,T192,T,G202,G,H212,H,N247,-,S216,S,L261,L,P219,L,V205,-,S205,S,T189,T
-,-,-,-,-,-,-,-,-,-,-,-,-,-,-,-,-,-,-,-,-,R262,K,Q220,Q,-,-,-,-,-,-
-,-,-,-,-,-,-,-,-,-,-,-,-,-,-,-,-,-,-,-,-,A263,S,N221,N,-,-,-,-,-,-
-,-,-,-,-,-,-,-,-,-,-,-,-,-,-,-,-,-,-,-,-,I264,I,S222,-,-,-,-,-,-,-
-,-,-,-,-,-,-,-,-,-,-,-,-,-,-,-,-,-,-,-,-,A265,T,I223,-,-,-,-,-,-,-
-,-,-,-,-,-,-,-,-,S211,-,D193,D,D203,D,Q213,Q,G248,G,N217,N,Q266,E,E224,-,T206,-,D206,D,L190,-
-,-,-,-,-,-,-,-,-,V212,V,-,-,Q204,Q,W214,W,W249,W,-,-,-,-,-,-,-,-,-,-,-,-
-,-,-,-,-,-,-,-,-,S213,-,-,-,A205,-,D215,D,M250,-,-,-,A267,A,A225,-,-,-,-,-,-,-
-,-,-,-,-,-,-,-,-,T214,-,-,-,L206,-,G216,G,S251,S,-,-,P268,P,T226,P,-,-,-,-,-,-
-,-,-,-,-,-,-,-,-,-,-,-,-,-,-,-,-,-,-,-,-,P269,P,S227,S,-,-,-,-,-,-
-,-,-,-,-,-,-,-,-,-,-,-,-,-,-,-,-,-,-,-,-,P270,-,-,-,-,-,-,-,-,-
-,-,-,-,-,-,-,-,-,-,-,-,-,-,-,-,-,-,-,-,-,P271,-,-,-,-,-,-,-,-,-
-,-,-,-,-,-,-,-,-,W215,W,H194,H,A207,-,L217,L,Y252,Y,H218,H,A272,-,-,-,Y207,Y,Q207,-,H191,H
-,-,-,-,-,V209,V,V176,I,L216,L,-,-,L208,L,L218,L,L253,-,-,-,T273,A,V228,V,-,-,-,-,-,-
-,V212,V,V205,V,H210,H,H177,H,S217,S,C195,C,W209,W,S219,S,-,S,C219,C,A274,-,D229,D,C208,C,C208,C,C192,C
-,R213,-,A206,A,Q211,E,E178,E,D218,D,S196,S,N210,N,Y220,Y,S254,S,F220,F,A275,K,K230,K,D209,D,S209,S,P193,P
-,R214,R,T207,T,S212,S,S179,S,G219,-,F197,F,Q211,Q,Q221,Q,E255,E,I221,I,A276,-,S231,S,A210,A,E210,-,D194,-
-,-,-,-,-,-,-,-,-,-,-,-,-,-,-,-,-,-,-,-,-,-,-,-,-,-,-,-,-,Q195,Q
-,-,-,-,-,-,-,-,-,-,-,-,-,-,-,-,-,-,-,-,-,-,-,-,-,-,-,-,-,P196,P
-,-,-,-,-,-,-,-,-,-,-,-,-,-,-,-,-,-,-,-,-,-,-,-,-,-,-,-,-,S197,S
-,D215,D,N208,N,N213,N,N180,N,A220,A,S198,S,A212,A,D222,-,M256,I,S222,S,G277,Q,Q232,Q,H211,H,G211,G,S198,S
-,P216,P,P209,P,V214,V,E181,E,V221,-,T199,T,L213,L,S223,S,S257,-,T223,T,Y278,F,Y233,Y,R212,-,S212,S,W199,W
-,V217,V,V210,V,G215,-,V182,P,A222,A,V200,-,A214,A,L224,L,T258,-,V224,V,A279,-,I234,I,A213,-,V213,V,V200,V
-,S218,S,S211,S,W216,W,W183,W,G223,G,L201,-,A215,A,S225,G,S259,-,E225,E,G280,G,G235,G,G214,G,G214,G,G201,G
C,C219,C,C212,C,C217,C,C184,C,C224,C,C202,C,C216,C,C226,C,C260,C,C226,C,C281,C,C236,C,C215,C,C215,C,C202,C
K,K220,K,K213,K,R218,R,R185,R,R225,R,K203,K,R217,R,R227,R,R261,R,K227,K,R282,K,K237,K,K216,K,K216,K,K203,K
-,I221,V,V214,V,L219,L,C186,C,V226,V,V204,-,T218,T,L228,L,S262,-,A228,A,V283,V,I238,I,L217,L,A217,A,L204,A
-,L222,L,S215,S,V220,V,I187,I,A227,A,S205,S,A219,A,V229,V,V263,-,V229,V,A284,A,A239,A,V218,V,A218,A,S205,S
-,H223,H,Q216,Q,T221,T,T188,T,A228,-,V206,V,Q220,Q,F230,F,Q264,Q,M230,M,V285,V,V240,V,M219,M,M219,-,L206,L
-,F224,F,F217,F,A222,A,T189,T,V229,V,A207,V,I221,I,L231,L,V265,V,V231,V,T286,T,V241,V,V220,V,V220,V,V207,V
-,F225,F,I218,I,A223,A,I190,I,F230,F,A208,F,V222,-,L232,L,L266,-,F232,F,F287,F,M242,M,L221,F,F221,F,F208,F
-,H226,H,H219,H,Y224,Y,F191,Y,M231,M,S209,C,T223,T,M233,M,L267,-,F233,F,F288,F,F243,F,F222,F,F222,F,L209,F
-,Q227,Q,L220,L,N225,N,N192,N,Q232,Q,H210,H,Q224,Q,Q234,Q,H268,H,H234,H,L289,L,I244,I,Q223,Q,Q223,Q,Q210,Q
Y,Y228,Y,Y221,Y,Y226,Y,Y193,Y,Y233,Y,F211,Y,Y225,Y,Y235,Y,Y269,Y,Y235,Y,Y290,Y,Y245,Y,Y224,Y,Y224,Y,Y211,Y
-,M229,M,L222,L,F227,F,F194,F,G234,G,A212,-,C226,C,C236,C,F270,F,C236,C,F291,F,F246,F,C225,C,C225,C,C212,-
-,M230,L,M223,M,H228,H,V195,V,I235,I,T213,-,V227,V,V237,V,V271,V,V237,V,L292,L,L247,L,I226,I,V226,V,I213,I
-,A231,G,G224,G,V229,V,V196,V,V236,V,M214,M,G228,G,A238,A,G272,G,V238,-,A293,A,A248,A,M227,M,M227,M,M214,M
-,C232,C,C225,C,T230,T,T197,T,A237,A,T215,T,A229,A,A239,A,A273,A,S239,S,T294,T,T249,T,A228,A,A228,A,A215,A
N,N233,N,N226,N,N231,N,N198,N,N238,N,N216,N,N230,N,N240,N,N274,N,N240,N,N295,N,N250,N,N229,N,N229,N,N216,N
Y,Y234,Y,Y227,Y,F232,F,F199,F,Y239,Y,F217,F,Y231,Y,Y241,Y,Y275,Y,Y241,Y,Y296,Y,Y251,Y,Y230,Y,F230,F,F217,F
F,F235,F,F228,F,F233,F,F200,F,C240,C,S218,-,T232,T,Y242,Y,L276,F,F242,F,Y297,Y,Y252,Y,S231,S,F231,F,F218,Y
W,W236,W,W229,W,W234,W,W201,W,W241,W,W219,W,W233,W,W243,W,W277,W,W243,W,W298,W,W253,W,W232,W,W232,W,W219,W
L,M237,M,M230,M,M235,M,M202,M,L242,L,L220,L,L234,L,L244,L,L278,L,L244,L,I299,I,I254,I,L233,L,L233,L,L220,L
L,L238,L,L231,L,F236,F,F203,F,L243,L,L221,L,L235,L,L245,L,L279,L,F245,F,L300,L,L255,L,L234,L,L234,L,L221,L
V,C239,C,C232,C,G237,G,V204,V,V244,V,A222,V,V236,V,V246,V,V280,V,I246,I,V301,V,V256,V,V235,V,V235,V,V222,V
E,E240,E,E233,E,E238,E,E205,E,E245,E,E223,E,E237,E,E247,E,E281,E,E247,E,E302,E,E257,E,E236,E,E236,E,E223,E
G,G241,G,G234,G,G239,G,G206,G,G246,G,A224,A,G238,G,G248,G,G282,G,G248,G,G303,G,G258,G,G237,G,G237,G,G224,G
-,I242,I,I235,I,C240,C,C207,C,L247,I,V225,L,V239,-,V249,V,L283,I,L249,L,L304,L,L259,L,L238,L,L238,L,L225,L
Y,Y243,Y,Y236,Y,Y241,Y,Y208,Y,Y248,Y,Y226,Y,Y240,Y,Y250,Y,Y284,Y,Y250,Y,Y305,Y,Y260,Y,Y239,Y,Y239,Y,Y226,Y
L,L244,L,L237,L,L242,L,L209,L,L249,L,L227,L,L241,L,L251,L,L285,L,L251,L,L306,L,L261,L,L240,L,L240,L,L227,L
H,H245,H,H238,H,H243,H,H210,H,H250,H,N228,N,H242,H,Y252,Y,H286,H,F252,F,H307,H,H262,H,H241,H,Y241,H,H228,H
T,T246,T,T239,T,T244,T,T211,T,N251,N,C229,C,S243,S,T253,T,T287,T,T253,T,S308,S,N263,S,T242,T,T242,T,T229,T
L,L247,L,L240,L,A245,A,A212,A,L252,L,L230,L,L244,L,L254,L,L288,L,L254,L,L309,L,L264,L,L243,L,L243,L,L230,L
L,I248,I,I241,I,I246,I,I213,I,L253,L,L231,L,L245,L,L255,L,L289,L,L255,L,I310,I,I265,I,L244,L,L244,L,L231,L
V,V249,V,V242,V,V247,V,V214,V,G254,V,A232,L,V246,V,A256,A,E290,-,V256,V,F311,F,F266,F,A245,V,A245,A,V232,V
-,V250,V,V243,V,L248,L,M215,M,L255,-,S233,S,L247,L,F257,L,P291,T,E257,E,M312,M,V267,V,I246,I,V246,V,A233,-
-,A251,A,A244,A,T249,T,T216,T,A256,A,T234,S,V248,V,S258,S,T292,-,T258,T,A313,A,A268,A,S247,S,S247,S,-,-
-,V252,V,V245,V,Y250,Y,Y217,Y,T257,V,S235,-,G249,G,V259,V,V293,V,F259,F,F314,F,F269,F,F248,F,F248,F,M234,I
F,F253,F,F246,F,S251,S,S218,S,L258,F,P236,P,G250,G,L260,F,L294,L,F260,F,F315,F,F270,F,F249,F,F249,F,L235,F
-,T254,A,A247,A,T252,T,T219,T,P259,-,S237,H,S251,S,S261,S,P295,S,P261,P,S316,S,S271,S,S250,S,S250,S,P236,S
E,E255,E,E248,E,D253,D,E220,D,E260,E,S238,-,E252,E,E262,E,E296,E,E262,E,E317,E,D272,D,E251,E,E251,E,P237,P
-,K256,E,K249,K,R254,K,R221,K,R261,R,R239,R,E253,-,Q263,Q,R297,R,R263,R,K318,K,T273,T,R252,R,R252,R,R238,N
-,Q257,Q,Q250,Q,L255,L,L222,L,S262,S,R240,R,G254,G,W264,R,R298,R,R264,R,K319,K,K274,K,K253,K,K253,K,R239,R
-,R258,R,H251,H,R256,R,R223,R,F263,Y,A241,-,H255,H,I265,I,L299,L,Y265,Y,Y320,Y,Y275,Y,Y254,-,Y254,Y,C240,H
-,L259,L,L252,L,K257,K,K224,K,F264,F,F242,F,F256,F,F266,F,W300,L,F266,F,L321,L,L276,L,L255,L,F255,F,F241,F
-,R260,H,M253,M,W258,W,C225,W,S265,-,W243,W,R257,R,R267,R,P301,-,Y267,Y,W322,W,W277,W,Q256,-,W256,W,L242,-
-,W261,W,W254,W,M259,M,L226,V,L266,L,W244,W,Y258,-,L268,L,R302,R,W268,W,G323,G,G278,G,G257,-,G257,-,A243,-
Y,Y262,Y,Y255,Y,F260,F,F227,F,Y267,Y,L245,L,Y259,Y,Y269,Y,Y303,Y,Y269,Y,F324,F,F279,F,F258,F,Y258,Y,Y244,Y
-,Y263,Y,Y256,Y,I261,I,L228,L,L268,L,V246,V,L260,L,V270,L,L304,-,T270,T,T325,T,I280,T,V259,I,I259,I,L245,L
-,L264,L,F257,L,C262,C,F229,F,G269,C,L247,L,L261,L,S271,S,L305,L,I271,I,V326,L,L281,L,A260,A,L260,L,L246,L
I,L265,L,L258,L,I263,I,I230,I,I270,I,A248,-,L262,L,I272,I,L306,-,I272,I,F327,F,I282,I,F261,L,I261,I,I247,I
G,G266,G,G259,G,G264,G,G231,G,G271,G,G249,G,G263,G,G273,G,G307,G,G273,G,G328,G,G283,G,G262,G,G262,G,G248,G
W,W267,W,W260,W,W265,W,W232,W,W272,W,W250,W,W264,W,W274,W,W308,W,W274,W,W329,W,W284,W,W263,W,W263,W,W249,W
G,G268,G,G261,G,G266,C,C233,C,G273,G,G251,G,G265,G,G275,G,A309,-,G275,G,G330,G,G285,G,G264,G,G264,G,G250,G
-,F269,F,F262,F,V267,I,I234,I,A274,A,L252,-,A266,A,V276,V,F310,-,T276,T,L331,L,F286,F,S265,S,V265,-,L251,I
P,P270,P,P263,P,P268,P,P235,P,P275,P,P253,P,P267,P,P277,P,P311,P,P277,P,P332,P,P287,P,P266,P,P266,P,P252,P
-,L271,L,L264,L,F269,F,F236,C,M276,-,V254,-,A268,A,L278,L,V312,-,T278,T,A333,A,A288,A,A267,A,S267,S,T253,T
-,V272,V,I265,I,P270,P,P237,P,L277,L,L255,L,L269,L,L279,L,L313,L,V279,V,V334,V,A289,-,I268,-,T268,-,V254,V
F,P273,P,P266,P,I271,I,I238,I,F278,F,F256,F,F270,F,F280,F,F314,F,C280,C,F335,F,F290,F,F269,F,F269,F,C255,F
-,T274,A,A267,A,I272,I,I239,I,V279,-,T257,T,V271,V,V281,V,V315,V,V281,V,V336,V,V291,V,V270,V,T270,I,I256,I
-,T275,S,C268,C,V273,V,V240,I,V280,-,G258,-,I272,I,V282,I,V316,-,T282,T,A337,T,A292,A,A271,A,M271,-,G257,-
-,I276,I,I269,I,A274,A,A241,A,P281,P,T259,-,P273,P,P283,P,P317,P,V283,V,V338,V,A293,A,L272,-,V272,A,A258,-
W,H277,H,H270,H,W275,W,W242,W,W282,W,W260,W,W274,W,W284,W,W318,W,W284,W,W339,W,W294,W,W273,W,W273,W,W259,W
A,A278,A,A271,A,A276,A,A243,A,A283,V,V261,I,V275,V,G285,G,G319,-,A285,A,V340,A,A295,A,A274,A,T274,T,T260,T
-,I279,V,I272,V,I277,I,I244,I,V284,V,S262,G,I276,I,I286,I,F320,I,T286,V,S341,S,V296,V,I275,-,I275,I,A261,-
-,T280,A,A273,A,G278,G,G245,G,V285,V,C263,-,V277,V,V287,V,A321,-,L287,L,V342,V,A297,-,A276,A,A276,-,A262,T
R,R281,R,R274,R,K279,K,K246,K,K286,K,K264,K,R278,R,K288,K,R322,R,R288,R,R343,R,R298,R,R277,R,R277,R,R263,R
-,A282,A,S275,S,L280,L,L247,L,C287,-,L265,-,Y279,Y,Y289,Y,A323,-,L289,L,A344,A,A299,A,H278,-,I278,I,L264,I
-,V283,-,L276,L,Y281,Y,Y248,Y,L288,L,A266,Y,L280,L,L290,L,H324,-,Y290,H,T345,T,T300,T,F279,F,H279,-,Y265,-
-,Y284,Y,Y277,Y,Y282,Y,Y249,Y,F289,Y,F267,F,Y281,Y,Y291,Y,L325,L,F291,F,L346,L,L301,L,L280,-,F280,F,L266,L
E,F285,F,Y278,Y,D283,D,E250,E,E290,E,E268,E,E282,E,E292,E,E326,E,D292,D,A347,A,A302,A,E281,E,E281,-,E267,E
N,N286,N,N279,N,N284,N,N251,N,N291,N,D269,D,N283,N,D293,D,N327,N,D293,D,N348,D,D303,D,D282,D,D282,D,D268,D
-,D287,D,D280,D,E285,E,E252,E,V292,I,I270,T,T284,T,E294,E,T328,T,T294,T,T349,T,A304,A,V283,-,Y283,-,T269,T
-,N288,N,N281,N,K286,K,Q253,Q,Q293,Q,A271,A,Q285,Q,G295,G,G329,G,G295,G,G350,E,R305,R,G284,G,G284,G,G270,G
C,C289,C,C282,C,C287,C,C254,C,C294,C,C272,C,C286,C,C296,C,C330,C,C296,C,C351,C,C306,C,C285,C,C285,C,C271,C
W,W290,W,W283,W,W288,W,W255,W,W295,W,W273,W,W287,W,W297,W,W331,W,W297,W,W352,W,W307,W,W286,W,W286,W,W272,W
-,L291,M,I284,I,F289,F,F256,F,T296,-,D274,D,E288,E,T298,T,T332,-,D298,D,D353,D,E308,E,D287,D,D287,D,D273,D
-,S292,S,S285,S,G290,G,G257,G,S297,-,L275,-,R289,R,R299,R,T333,T,M299,M,L354,L,L309,L,I288,I,T288,-,T274,T
-,V293,V,S286,S,K291,K,K258,K,N298,N,D276,N,N290,N,N300,N,N334,N,N300,N,S355,S,S310,S,N289,N,I289,I,N275,N
-,-,-,-,-,R292,R,E259,E,D299,-,D277,-,E291,E,S301,S,G335,-,D301,D,S356,A,A311,A,A290,-,N290,E,D276,D
-,-,-,-,-,P293,A,P260,P,-,-,-,-,-,-,-,-,-,-,-,-,-,-,-,-,-,-,-,-,-,-
-,E294,E,D287,D,G294,G,G261,G,N300,N,T278,-,V292,-,N302,N,N336,N,S302,N,G357,G,G312,G,N291,N,S291,S,H277,H
-,T295,T,T288,T,V295,V,D262,K,M301,M,S279,S,K293,K,M303,M,K337,-,T303,T,N358,N,D313,N,A292,A,S292,-,S278,-
-,H296,H,H289,H,Y296,Y,L263,Y,G302,G,P280,P,A294,A,N304,N,K338,-,A304,A,-,-,-,-,S293,-,-,-,V279,-
-,L297,L,L290,L,T297,T,V264,-,F303,F,Y281,Y,I295,I,Y305,Y,I339,I,L305,L,K359,L,I314,I,I294,I,L293,-,P280,P
W,L298,L,L291,L,D298,D,D265,D,W304,W,W282,W,W296,W,W306,W,W340,W,W306,W,K360,K,K315,K,W295,W,W294,W,W281,W
W,Y299,Y,Y292,Y,Y299,Y,Y266,Y,W305,W,W283,W,W297,W,L307,L,W341,W,W307,W,W361,W,W316,W,W296,W,W295,W,W282,W
I,I300,I,I293,I,I300,I,I267,I,I306,I,I284,I,I298,I,I308,I,I342,I,V308,V,I362,I,I317,I,I297,I,I296,I,V283,V
I,I301,V,I294,I,Y301,Y,Y268,Y,L307,L,I285,I,I299,I,I309,I,I343,I,I309,I,I363,I,Y318,Y,I298,I,I297,I,I284,I
-,H302,H,H295,H,Q302,Q,Q269,Q,R308,R,K286,K,R300,R,R310,R,R344,R,K310,K,Q364,Q,Q319,Q,R299,R,K298,K,R285,R
G,G303,G,G296,G,G303,G,G270,G,F309,F,G287,G,T301,T,L311,L,G345,G,G311,G,V365,V,A320,A,G300,G,G299,-,I286,-
P,P304,P,P297,P,P304,P,P271,P,P310,P,P288,P,P302,P,P312,P,P346,P,P312,P,P366,P,P321,P,P301,P,P300,P,P287,P
I,V305,V,I298,I,M305,M,I272,V,V311,V,I289,I,I303,I,I313,I,M347,M,V313,V,I367,I,I322,I,V302,V,I301,I,I288,I
-,M306,M,C299,C,I306,I,I273,I,F312,F,V290,V,L304,L,L314,L,M348,L,V314,V,L368,L,L323,L,I303,I,L302,L,L289,L
-,A307,A,A300,A,L307,L,L274,L,L313,L,L291,-,M305,-,F315,F,L349,L,G315,G,A369,A,A324,A,L304,L,T303,-,I290,I
-,A308,A,A301,A,V308,V,V275,V,A314,A,S292,S,T306,T,A316,A,C350,-,S316,S,S370,A,A325,A,S305,S,S304,S,S291,S
I,L309,L,L302,L,L309,L,L276,L,I315,I,V293,V,I307,I,I317,I,V351,V,I317,I,I371,I,I326,I,I306,I,I305,I,I292,I
-,V310,L,L303,L,L310,L,L277,L,L316,L,G294,G,L308,L,G318,G,T352,-,M318,M,V372,V,G327,G,L307,-,L306,L,I293,I
V,V311,V,V304,V,I311,I,I278,I,I317,I,V295,V,I309,I,V319,V,V353,V,V319,I,L373,V,L328,L,I308,I,V307,V,V294,V
N,N312,N,N305,N,N312,N,N279,N,N318,N,N296,N,N310,N,N320,N,N354,N,N320,N,N374,N,N329,N,N309,N,N308,N,N295,N
F,F313,F,L306,L,F313,F,F280,F,F319,F,F297,F,F311,F,F321,F,F355,F,F321,F,F375,F,F330,F,F310,F,F309,F,F296,F
-,F314,F,F307,F,I314,I,V281,V,F320,F,G298,-,L312,L,L322,L,F356,F,V322,V,I376,I,I331,I,I311,I,I310,I,V297,I
-,F315,F,F308,F,F315,F,F282,F,I321,I,L299,L,I313,I,I323,I,I357,I,L323,L,L377,L,L332,L,L312,L,L311,L,L298,L
F,L316,L,L309,L,L316,L,L283,L,F322,F,F300,F,F314,F,F324,F,F358,F,F324,F,F378,F,F333,F,F313,F,F312,F,F299,F
-,L317,L,L310,L,F317,F,F284,F,V323,I,L301,-,I315,I,V325,I,L359,L,I325,I,I379,I,L334,L,I314,-,I313,I,I300,I
N,N318,N,N311,N,N318,N,N285,N,R324,R,N302,N,R316,R,R326,R,K360,K,G326,G,N380,N,N335,N,N315,N,C314,C,S301,S
I,I319,I,I312,I,I319,I,I286,I,I325,I,I303,I,I317,I,V327,V,I361,I,I327,I,I381,I,T336,T,I316,I,I315,I,I302,I
-,V320,V,V313,V,V320,V,V287,V,V326,I,I304,I,L318,L,I328,I,L362,L,I328,I,V382,I,V337,V,L317,L,I316,I,I303,I
R,R321,R,R314,R,R321,R,R288,R,Q327,-,R305,R,G319,G,C329,C,K363,K,V329,V,R383,R,R338,R,R318,R,R317,R,R304,R
I,V322,V,V315,V,I322,I,I289,I,L328,I,I306,I,I320,I,I330,I,L364,L,I330,I,V384,V,V339,V,I319,I,I318,I,I305,I
L,L323,L,L316,L,L323,L,L290,L,L329,L,L307,L,L321,L,V331,V,L365,L,L331,L,L385,L,L340,L,L320,L,L319,L,L306,L
-,V324,V,I317,I,M324,M,M291,M,V330,V,V308,L,L322,V,V332,V,I366,I,V332,V,A386,A,A341,A,M321,M,L320,V,L307,L
-,T325,T,T318,T,T325,T,T292,T,A331,S,R309,-,S323,S,S333,S,S367,S,Q333,Q,T387,T,T342,T,R322,R,Q321,Q,Q308,Q
K,K326,K,K319,K,K326,K,K293,K,K332,K,K310,K,K324,K,K334,K,K368,K,K334,K,K388,K,K343,K,K323,K,K322,K,K309,K
L,M327,L,L320,L,L327,L,L294,L,L333,L,L311,L,L325,L,L335,L,L369,L,L335,L,L389,L,I344,I,L324,L,L323,L,L310,L
R,R328,R,K321,K,R328,R,R295,R,R334,R,E312,-,R326,R,K336,K,K370,K,Q336,Q,R390,R,W345,W,R325,R,R324,-,T311,R
-,E329,D,V322,V,A329,A,A296,A,A335,A,P313,P,T327,T,A337,A,A371,A,S337,S,E391,E,E346,E,T326,T,P325,-,S312,S
-,T330,T,T323,T,S330,S,S297,S,R336,H,A314,R,R328,R,N338,N,H372,-,P338,P,T392,T,T347,T,Q327,-,P326,P,P313,P
-,H331,H,H324,H,T331,T,T298,T,Q337,Q,Q315,Q,Q329,Q,L339,L,Q373,Q,D339,D,N393,N,N348,N,E328,E,D327,D,D314,D
-,E332,R,Q325,Q,T332,T,T299,T,M338,M,G316,I,M330,M,M340,M,M374,M,M340,I,A394,A,A349,A,T329,-,I328,V,V315,V
-,-,-,-,-,-,-,-,-,H339,R,S317,-,R331,R,C341,C,C375,-,G341,G,G395,G,V350,V,R330,R,R329,G,G316,G
-,-,-,-,-,-,-,-,-,H340,Y,L318,F,C332,C,K342,K,F376,F,G342,G,R396,R,G351,G,G331,G,K330,-,G317,G
-,A333,A,A326,A,S333,S,S300,S,T341,T,H319,N,R333,-,T343,T,R377,-,N343,N,C397,C,H352,-,N332,N,S331,N,N318,N
-,E334,E,E327,E,E334,E,E301,E,D342,D,T320,N,D334,D,D344,D,D378,D,E344,E,D398,D,D353,D,E333,E,D332,E,D319,D
-,S335,S,S328,S,T335,T,T302,T,-,-,Q321,S,-,-,-,-,-,-,S345,S,T399,T,T354,T,V334,-,S333,S,Q320,Q
-,-,-,-,-,-,-,-,-,-,-,-,-,-,-,-,-,-,-,-,-,R400,R,R355,R,-,-,-,-,-,-
-,H336,N,N329,N,I336,I,I303,I,-,-,S322,S,-,-,-,-,-,-,S346,S,Q401,Q,K356,K,S335,N,S334,S,S321,S
Q,M337,M,L330,L,Q337,Q,Q304,Q,-,-,Q323,Q,-,-,-,-,-,-,I347,I,Q402,Q,Q357,Q,H336,Q,P335,Q,Q322,Q
Y,Y338,Y,Y331,Y,Y338,Y,Y305,Y,Y343,Y,Y324,Y,Y335,Y,I345,I,Y379,Y,Y348,Y,Y403,Y,Y358,Y,Y337,Y,Y336,Y,Y323,Y
-,L339,M,M332,M,R339,R,R306,R,K344,K,W325,R,R336,R,K346,K,K380,K,L349,L,R404,R,R359,R,K338,K,S337,S,K324,K
-,-,-,-,-,-,-,-,-,F345,F,-,-,L337,L,C347,C,Y381,Y,-,-,-,-,-,-,-,-,-,-,-,-
R,K340,K,K333,K,K340,K,K307,K,R346,R,R326,R,R338,R,R348,R,R382,R,R350,R,K405,K,K360,K,R339,R,R338,R,R325,R
L,A341,A,A334,A,A341,A,A308,A,L347,L,L327,L,L339,L,L349,L,L383,L,L351,L,L406,L,L361,L,L340,L,L339,L,L326,L
A,V342,V,V335,V,V342,V,V309,V,A348,A,S328,S,A340,A,A350,A,A384,A,A352,A,L407,L,A362,A,A341,A,A340,A,A327,A
K,K343,R,R336,R,K343,K,K310,K,K349,K,K329,K,R341,R,K351,K,K385,R,R353,R,K408,K,K363,K,R342,K,R341,K,K328,K
S,A344,A,A337,A,A344,A,A311,A,S350,S,S330,S,S342,S,S352,S,S386,S,S354,S,S409,S,S364,S,S343,S,S342,S,S329,S
T,T345,T,T338,T,T345,T,T312,T,T351,T,T331,T,T343,T,T353,T,T387,T,T355,T,T410,T,T365,T,T344,T,T343,T,T330,T
L,M346,L,L339,L,L346,L,L313,L,L352,L,L332,L,L344,L,L354,L,L388,L,L356,L,L411,L,L366,L,L345,L,L344,L,L331,L
-,I347,I,I340,I,V347,V,V314,V,T353,T,F333,L,T345,T,T355,T,V389,V,L357,L,V412,V,V367,V,L346,L,L345,L,L332,L
L,L348,L,L341,L,L348,L,L315,L,L354,L,L334,L,L346,L,L356,L,L390,L,L358,L,L413,L,L368,L,L347,L,L346,L,L333,L
I,V349,V,V342,V,L349,L,L316,L,I355,I,I335,I,V347,V,I357,I,I391,I,I359,I,M414,M,V369,V,I348,I,I347,I,I334,I
P,P350,P,P343,P,P350,P,P317,P,P356,P,P336,P,P348,P,P358,P,P392,P,P360,P,P415,P,L370,L,P349,P,P348,P,P335,P
L,L351,L,L344,L,L351,L,L318,L,L357,L,L337,L,L349,L,L359,L,L393,L,L361,L,L416,L,V371,V,L350,L,L349,L,L336,L
L,L352,L,L345,L,L352,L,L319,L,L358,L,F338,F,L350,L,L360,L,L394,L,F362,F,F417,F,F372,F,F351,F,F350,F,F337,F
G,G353,G,G346,G,G353,G,G320,G,G359,G,G339,G,G351,G,G361,G,G395,G,G363,G,G418,G,G373,G,G352,G,G351,G,G338,G
I,I354,I,I347,I,I354,I,I321,I,V360,I,I340,T,V352,V,T362,T,V396,-,I364,I,V419,V,V374,V,I353,V,V352,-,V339,V
H,Q355,Q,E348,E,T355,T,T322,T,H361,H,H341,H,H353,H,H363,H,H397,H,H365,H,H420,H,H375,H,H354,H,H353,H,H340,H
Y,F356,F,F349,F,Y356,Y,Y323,Y,E362,E,Y342,Y,E354,E,E364,E,E398,E,Y366,Y,Y421,Y,Y376,Y,Y355,Y,Y354,Y,Y341,Y
-,V357,V,V350,V,M357,M,M324,M,V363,V,I343,I,V355,V,V365,V,I399,-,T367,T,I422,I,I377,I,I356,I,I355,I,M342,-
-,V358,I,L351,L,L358,L,L325,L,V364,V,I344,-,V356,V,I366,I,L400,V,V368,V,V423,V,V378,V,V357,I,M356,M,V343,V
F,F359,F,I352,-,F359,F,F326,F,F365,F,F345,F,F357,F,F367,F,F401,F,F369,F,F424,F,F379,F,F358,F,F357,F,F344,F
-,P360,P,P353,P,F360,F,F327,F,A366,A,N346,N,A358,A,A368,A,S402,-,A370,A,M425,M,V380,V,A359,A,A358,A,A345,A
-,W361,W,W354,W,V361,V,V328,V,F367,F,F347,F,P359,P,F369,F,F403,F,F371,F,A426,A,C381,C,F360,F,F359,F,V346,-
-,R362,R,R355,R,N362,N,N329,N,V368,V,L348,L,V360,V,V370,V,I404,I,S372,S,T427,M,L382,L,S361,-,F360,F,F347,F
P,P363,P,P356,P,P363,P,P330,P,T369,T,P349,P,T361,T,M371,M,T405,T,P373,P,P428,P,P383,P,P362,P,P361,P,P348,P
-,-,-,-,-,G364,G,G331,G,-,-,-,-,-,-,-,-,-,-,-,-,-,-,-,-,-,-,-,-,-,-
-,-,-,-,-,E365,E,E332,E,-,-,-,-,-,-,-,-,-,-,-,-,-,-,-,-,-,-,-,-,-,-
-,S364,E,E357,E,D366,D,D333,D,D370,D,D350,D,E362,E,D372,D,D406,D,E374,E,Y429,Y,H384,H,E363,E,D362,D,I349,-
-,N365,N,G358,G,E367,E,D334,D,E371,E,N351,Y,E363,E,E373,E,D407,E,N375,N,T430,T,S385,-,D364,D,N363,N,S350,-
-,K366,R,K359,R,V368,I,L335,I,H372,H,A352,-,Q364,Q,H374,H,Q408,Q,V376,V,E431,E,-,-,A365,A,F364,F,I351,I
-,M367,L,I360,I,-,-,-,-,A373,A,G353,-,A365,A,A375,A,V409,V,S377,S,V432,V,F386,F,-,S,K365,K,S352,S
-,L368,A,A361,A,-,-,-,-,Q374,Q,-,-,R366,R,R376,R,E410,E,-,-,S433,S,T387,-,-,S,-,-,-,-
G,G369,G,E362,E,-,-,-,-,G375,G,-,-,G367,G,G377,G,G411,G,-,-,G434,G,G388,G,-,G,-,-,-,-
-,-,-,-,-,-,-,-,-,T376,T,-,-,A368,-,T378,-,F412,-,-,-,T435,-,L389,L,-,-,-,-,-,-
-,-,-,-,-,S369,S,S336,S,L377,L,-,-,L369,L,L379,L,A413,S,-,-,L436,L,G390,G,-,T,-,-,-,-
-,-,-,-,-,R370,R,Q337,Q,R378,R,L354,L,R370,R,R380,R,K414,R,K378,K,W437,W,W391,W,M366,M,P366,-,S353,-
-,K370,E,E363,E,V371,I,I338,I,S379,-,G355,G,F371,-,F381,F,L415,-,R379,R,Q438,Q,E392,E,E367,E,E367,E,K354,-
-,I371,I,V364,I,V372,V,M339,V,A380,-,I356,-,A372,A,I382,I,I416,I,E380,E,V439,V,I393,I,I368,I,V368,V,Y355,Y
-,Y372,Y,Y365,Y,F373,F,F340,F,K381,K,R357,R,K373,K,K383,K,R417,R,R381,R,Q440,Q,R394,R,Q369,Q,K369,K,Q356,-
-,D373,D,D366,D,I374,I,I341,I,L382,L,L358,L,L374,L,L384,L,L418,L,L382,L,M441,M,M395,M,L370,L,M370,L,I357,I
-,Y374,Y,Y367,Y,Y375,Y,Y342,Y,F383,F,P359,-,G375,-,F385,F,F419,F,V383,V,H442,H,H396,H,F371,F,V371,V,L358,-
F,V375,I,I368,I,F376,F,F343,F,F384,F,L360,L,F376,F,T386,T,I420,I,F384,F,Y443,Y,C397,C,F372,F,F372,F,F359,F
E,M376,M,M369,M,N377,N,N344,N,D385,D,E361,E,E377,E,E387,E,Q421,Q,E385,E,E444,E,E398,E,E373,E,E373,E,E360,E
L,H377,H,H370,H,S378,S,S345,S,L386,L,L362,L,I378,I,L388,L,L422,L,L386,L,M445,M,L399,L,L374,L,L374,L,L361,L
-,S378,I,I371,I,F379,F,F346,F,F387,F,G363,C,F379,F,S389,S,T423,T,G387,G,L446,L,F400,F,A375,A,V375,V,C362,C
L,L379,L,L372,L,L380,L,L347,L,L388,L,L364,L,L380,L,F390,F,L424,L,L388,L,F447,F,F401,F,L376,L,V376,V,L363,L
-,I380,M,M373,M,E381,E,Q348,Q,S389,S,G365,G,S381,S,T391,T,S425,S,G389,G,N448,N,N402,N,G377,G,G377,G,G364,G
S,H381,H,H374,H,S382,S,S349,S,S390,S,S366,S,S382,S,S392,S,S426,S,S390,S,S449,S,S403,S,S378,S,S378,S,S365,S
F,F382,Y,F375,Y,F383,F,F350,F,F391,F,F367,F,F383,F,F393,F,F427,F,F391,F,F450,F,F404,F,F379,F,F379,F,F366,F
Q,Q383,Q,Q376,Q,Q384,Q,Q351,Q,Q392,Q,Q368,Q,Q384,Q,Q394,Q,H428,H,Q392,Q,Q451,Q,Q405,Q,Q380,Q,Q380,Q,Q367,Q
G,G384,G,G377,G,G385,G,G352,G,G393,G,G369,G,G385,G,G395,G,G429,G,G393,G,G452,G,G406,G,G381,G,G381,G,G368,G
F,F385,L,L378,L,F386,F,F353,F,L394,L,F370,F,F386,F,L396,L,F430,F,F394,F,F453,F,F407,F,L382,L,F382,F,L369,L
-,F386,L,L379,L,F387,F,F354,F,L395,L,I371,I,L387,L,M397,M,L431,L,V395,V,F454,F,F408,F,V383,V,V383,V,V370,V
V,V387,V,V380,V,V388,V,V355,V,V396,V,V372,V,V388,V,V398,V,V432,V,V396,V,V455,V,V409,V,V384,V,V384,V,V371,V
A,A388,A,S381,A,S389,S,S356,S,A397,A,A373,A,S389,S,A399,A,A433,A,A397,A,A456,A,S410,S,A385,A,A385,A,A372,A
-,T389,T,T382,T,V390,V,V357,V,V398,I,I374,I,V390,V,I400,I,L434,-,V398,V,I457,I,I411,I,V386,V,I386,V,V373,V
L,I390,I,I383,I,F391,F,F358,F,L399,L,L375,L,L391,L,L401,L,Q435,L,L399,L,I458,I,I412,I,L387,L,L387,L,L374,L
Y,Y391,F,F384,F,Y392,Y,Y359,Y,Y400,Y,Y376,Y,Y392,Y,Y402,Y,Y436,Y,Y400,Y,Y459,Y,Y413,Y,Y388,Y,Y388,Y,Y375,Y
C,C392,C,C385,C,C393,C,C360,C,C401,C,C377,C,C393,C,C403,C,G437,C,C401,C,C460,C,C414,C,C389,C,C389,C,C376,C
F,F393,F,F386,F,F394,F,F361,F,F402,F,F378,F,F394,F,F404,F,F438,F,F402,F,F461,F,Y415,Y,F390,F,F390,F,F377,F
-,C394,F,F387,F,L395,L,F362,L,L403,V,L379,L,I395,I,V405,V,A439,A,L403,L,C462,C,C416,C,L391,L,L391,L,L378,L
N,N395,N,N388,N,N396,N,N363,N,N404,N,N380,N,N396,N,N406,N,N440,N,N404,N,N463,N,N417,N,N392,N,N392,N,N379,N
G,N396,G,G389,G,S397,S,G364,G,K405,K,Q381,Q,K397,K,N407,N,G441,G,G405,G,G464,G,G418,G,G393,G,G393,G,S380,S
E,E397,E,E390,E,E398,E,E365,E,E406,E,E382,E,E398,E,E408,E,E442,E,E406,E,E465,E,E419,E,E394,E,E394,E,E381,E
V,V398,V,V391,V,V399,V,V366,V,V407,V,V383,V,V399,V,V409,V,V443,V,V407,V,V466,V,V420,V,V395,V,V395,V,V382,V
Q,Q399,Q,Q392,Q,R400,R,R367,R,Q408,Q,R384,Q,Q400,Q,Q410,Q,K444,K,Q408,Q,Q467,Q,Q421,Q,Q396,Q,Q396,Q,Q383,Q
-,T400,-,A393,A,S401,S,S368,S,S409,S,T385,T,S401,S,L411,M,A445,A,A409,-,A468,A,A422,-,L397,L,A397,A,C384,-
E,T401,A,I394,V,A402,A,A369,A,E410,E,E386,E,E402,E,E412,E,E446,E,E410,E,E469,E,E423,E,E398,E,E398,E,E385,E
-,V402,L,L395,L,I403,V,V370,-,L411,L,I387,I,I403,I,F413,F,L447,L,I411,I,I470,I,V424,-,V399,V,L399,L,L386,L
-,K403,K,R396,R,R404,R,R371,R,R412,L,S388,-,R404,R,R414,R,R448,-,K412,K,K471,K,K425,K,Q400,Q,R400,K,K387,K
-,R404,R,R397,R,K405,K,K372,K,R413,K,R389,R,R405,R,K415,K,K449,K,R413,R,K472,K,K426,K,K401,R,R401,R,R388,R
-,Q405,Q,N398,H,R406,R,R373,R,R414,-,-,-,G406,-,S416,S,Y450,-,K414,K,S473,S,M427,-,K402,K,K402,K,K389,K
W,W406,W,W399,W,W407,W,W374,W,W415,W,-,-,W407,W,W417,W,W451,W,W415,W,W474,W,W428,W,W403,W,W403,W,W390,W
-,A407,-,N400,N,H408,H,H375,H,H416,-,-,-,H408,H,E418,E,V452,-,R416,R,S475,S,S429,-,Q404,R,R404,R,R391,R
R,Q408,Q,Q401,Q,R409,R,R376,R,R417,R,K390,R,H409,R,R419,R,R453,R,S417,S,R476,R,R430,R,Q405,Q,R405,R,S392,S
W,F409,Y,Y402,Y,W410,W,W377,W,W418,W,W391,W,C410,C,W420,W,F454,F,W418,W,W477,W,W431,W,W406,W,W406,W,R393,L
-,K410,K,K403,K,Q411,Q,Q378,Q,R419,K,H392,H,R411,R,R421,R,L455,L,K419,K,T478,T,N432,N,H407,H,H407,H,C394,C
L,I411,T,I404,I,-,-,-,-,L420,L,-,-,L412,L,L422,L,L456,L,V420,V,L479,L,L433,L,L408,L,L408,L,P395,-
-,-,-,-,-,D412,D,D379,D,-,-,G393,G,-,-,-,-,-,-,-,-,-,-,-,-,-,-,-,-,-,-
-,Q412,Q,Q405,Q,K413,K,H380,H,G421,G,H394,-,R413,R,E423,E,A457,A,N421,N,A480,A,S434,S,R409,-,Q409,Q,T396,-
-,W413,W,F406,F,-,-,-,-,-,-,-,-,-,-,-,-,-,-,-,-,-,-,-,-,-,-,-,-,-,-
-,N414,G,G407,G,-,-,-,-,-,-,-,-,-,-,-,-,-,-,-,-,-,-,-,-,-,-,-,-,-,-
-,Q415,Q,N408,-,H414,H,H381,H,K422,-,D395,-,R414,-,H424,H,R458,-,R422,R,L481,L,V435,-,E410,-,G410,R,P397,-
-,R416,R,S409,S,S415,S,S382,S,V423,-,P396,Y,S415,S,L425,L,H459,H,Y423,Y,D482,D,D436,D,F411,-,V411,-,S398,-
-,W417,R,F410,F,I416,I,L383,L,L424,L,E397,-,L416,L,H426,H,S460,-,F424,F,F483,F,W437,W,P412,-,L412,L,A399,-
-,G418,-,S411,S,R417,R,R384,R,W425,-,L398,L,G417,-,I427,-,G461,G,A425,A,K484,K,K438,K,L413,-,G413,G,S400,G
-,R419,-,N412,H,A418,A,V385,V,E426,E,L399,-,E418,E,Q428,Q,C462,C,V426,V,R485,R,R439,R,H414,-,W414,S,R401,R
-,R420,H,S413,S,R419,R,P386,R,E427,E,P400,P,E419,E,R429,R,R463,R,D427,D,K486,K,T440,T,P415,P,N415,D,D402,D
-,P421,C,E414,D,-,-,-,-,-,-,-,-,-,-,-,-,-,-,-,-,-,-,-,-,-,-,-,-,-,-
-,S422,S,A415,A,V420,V,M387,V,-,-,A401,A,-,-,D430,D,A464,-,F428,F,A487,A,P441,-,-,-,P416,-,Y403,Y
-,-,-,-,-,-,-,-,-,-,-,W402,W,-,-,S431,S,C465,C,-,-,-,-,-,-,-,-,-,-,-,-
-,-,-,-,-,-,-,-,-,-,-,-,-,-,-,-,-,V466,-,-,-,-,-,-,-,-,-,-,-,-,-
-,-,-,-,-,-,-,-,-,-,-,-,-,-,-,-,-,L467,L,-,-,-,-,-,-,-,-,-,-,-,-
-,-,-,-,-,-,-,-,-,-,-,-,-,-,-,-,-,G468,G,-,-,-,-,-,-,-,-,-,-,-,-
-,-,-,-,-,-,-,-,-,-,-,-,-,-,-,-,-,K469,-,-,-,-,-,-,-,-,-,-,-,-,-
-,-,-,-,-,-,-,-,-,-,-,-,-,-,-,S432,S,D470,N,-,-,-,-,-,-,-,-,-,-,-,-
-,N423,-,L416,L,A421,A,A388,A,-,Y,-,-,Q420,-,M433,M,F471,-,-,-,-,-,-,-,-,-,-,-,-,-
R,R424,R,R417,R,R422,R,R389,R,R428,R,R403,R,R421,R,K434,K,R472,K,K429,K,R488,R,P442,P,-,-,K417,K,R404,R
-,-,-,-,-,-,-,-,-,-,-,-,-,-,-,-,-,-,-,-,-,S489,S,C443,C,-,-,-,-,-,-
-,-,-,-,-,-,-,-,-,-,-,-,-,-,-,-,-,-,-,-,-,G490,G,G444,G,-,-,-,-,-,-
-,-,-,-,-,-,-,-,-,-,-,T404,-,-,-,-,-,-,-,-,-,S491,S,S445,-,-,-,-,-,-,-
-,-,-,-,-,-,-,-,-,-,-,R405,R,-,-,-,-,-,-,-,-,S492,-,R446,-,-,-,-,-,-,-
-,-,-,-,-,-,-,-,-,-,-,-,-,-,-,-,-,-,-,-,-,S493,T,R447,R,-,-,-,-,-,-
-,-,-,-,-,-,-,-,-,N429,H,A406,T,Q422,Q,-,-,F473,-,H430,H,Y494,Y,-,-,V416,-,Y418,Y,V405,L
-,-,-,-,-,-,-,-,-,T430,T,-,-,L423,-,-,-,L474,L,-,-,-,-,-,-,-,-,-,-,-,-
-,-,-,-,-,-,-,-,-,-,-,-,-,-,-,P435,P,-,-,-,-,-,-,-,-,-,-,-,-,-,-
-,-,-,-,-,-,-,-,-,S431,Y,-,-,P424,P,L436,L,G475,-,-,-,S495,S,-,-,-,-,-,-,-,-
-,-,-,-,-,-,-,-,-,-,-,K407,-,-,-,K437,K,K476,K,R431,R,-,-,-,-,A417,-,R419,Q,C406,H
-,-,-,-,-,-,-,-,-,-,-,W408,W,-,-,C438,C,C477,C,-,-,Y496,Y,C448,Y,-,-,-,-,-,-
-,-,-,-,-,-,-,-,-,-,-,T409,T,-,-,-,-,-,-,-,-,-,-,-,-,-,-,-,-,-,-
-,-,-,-,-,-,-,-,-,-,-,T410,-,-,-,-,-,-,-,-,-,-,-,-,-,-,-,-,-,-,-
-,-,-,-,-,-,-,-,-,-,-,-,-,-,-,-,-,-,-,H432,H,G497,G,G449,G,-,L,H420,H,G407,S
P,-,-,-,-,-,-,-,-,N432,S,P411,P,E425,E,P439,P,P478,-,P433,P,P498,P,S450,S,-,S,P421,P,S408,S
-,-,-,-,-,-,-,-,-,H433,H,-,-,R426,-,T440,T,K479,K,-,-,M499,M,V451,V,-,-,-,-,-,-
-,-,-,-,-,-,-,-,-,-,-,-,-,-,-,-,-,-,-,-,-,V500,V,L452,L,-,-,-,-,-,-
-,-,-,-,-,-,-,-,-,-,-,-,-,-,-,-,-,-,-,-,-,S501,S,T453,T,-,-,-,-,-,-
-,-,-,-,-,-,-,-,-,-,-,-,-,-,-,-,-,K480,K,-,-,-,-,T454,T,-,-,-,-,-,-
-,-,-,-,-,-,-,-,-,-,-,-,-,-,-,-,-,L481,-,-,-,-,-,V455,-,-,-,-,-,-,-
-,-,-,-,-,-,-,-,-,R434,-,-,-,A427,-,-,-,S482,-,-,-,-,-,T456,T,-,-,-,-,-,-
-,-,-,-,-,-,-,-,-,A435,-,-,-,F428,-,-,-,E483,-,-,-,-,-,H457,H,-,-,-,-,-,-
-,S425,S,S418,S,-,-,-,-,S436,-,-,-,R429,-,-,-,G484,-,-,-,H502,H,S458,S,-,-,-,-,-,-
-,-,T,A419,A,-,-,-,-,S437,-,-,-,A430,-,-,-,D485,-,-,-,T503,T,T459,T,-,-,-,-,-,-
-,-,-,-,-,-,-,-,-,-,-,-,-,-,-,-,-,G486,-,-,-,-,-,-,-,-,-,-,-,-,-
-,-,-,-,-,-,-,-,-,S438,-,-,-,L431,L,-,-,-,-,-,-,-,-,-,-,-,-,-,-,-,-
-,-,-,-,-,-,-,-,-,P439,-,-,-,-,-,-,-,-,-,-,-,-,-,-,-,-,-,-,-,-,-
-,-,-,-,-,-,-,-,-,G440,-,-,-,-,-,-,-,A487,-,-,-,-,-,-,-,-,-,-,-,-,-
-,-,-,-,-,-,-,-,-,-,-,-,-,-,-,-,-,E488,-,-,-,-,-,-,-,-,-,-,-,-,-
S,-,S,S420,S,-,-,-,-,H441,-,-,-,-,-,S441,S,K489,-,S434,S,S504,S,S460,S,-,S,S422,S,S409,S
-,-,Y,Y421,Y,-,-,-,-,-,-,-,-,-,-,-,-,-,-,-,-,-,-,-,-,-,-,-,-,-,-
-,-,-,-,-,-,-,-,-,-,-,-,-,-,-,-,-,-,-,-,-,-,-,S461,S,-,-,-,-,-,-
-,-,-,-,-,-,-,-,-,-,-,-,-,-,-,-,-,L490,-,-,-,V505,V,Q462,Q,-,-,-,-,-,-
-,-,-,-,-,-,-,-,-,-,-,-,-,-,-,-,-,R491,-,-,-,T506,T,S463,S,-,-,-,-,-,-
-,-,-,-,-,-,-,-,-,-,-,-,-,-,-,-,-,K492,-,-,-,N507,N,Q464,Q,-,-,-,-,-,-
-,-,-,-,-,-,-,-,-,-,-,-,-,-,-,-,-,L493,-,-,-,V508,V,V465,-,-,-,-,-,-,-
-,-,-,-,-,-,-,-,-,-,-,-,-,-,-,-,-,Q494,-,-,-,G509,-,A466,A,-,-,-,-,-,-
-,-,-,-,-,-,-,-,-,-,-,-,-,-,-,-,-,P495,-,-,-,P510,-,A467,A,-,-,-,-,-,-
-,-,-,-,-,-,-,-,-,-,-,-,-,-,-,-,-,S496,S,-,-,R511,R,-,-,-,-,-,-,-,-
-,-,-,-,-,-,-,-,-,G442,-,-,-,-,-,-,-,L497,-,-,-,V512,G,-,-,-,-,-,-,-,-
-,A426,-,-,-,-,-,-,-,P443,-,-,-,-,-,-,-,N498,-,-,-,G513,-,-,-,-,-,-,-,-,-
-,R427,-,-,-,-,-,-,-,P444,P,-,-,-,-,-,-,S499,-,-,-,-,-,-,-,-,-,-,-,-,-
-,-,-,-,-,-,-,-,-,S445,-,-,-,-,-,-,-,-,-,-,-,-,-,S468,S,-,-,-,-,-,-
-,-,-,-,-,-,-,-,-,K446,E,-,-,-,-,-,-,-,-,-,-,-,-,T469,-,-,-,-,-,-,-
-,A428,-,-,-,-,-,-,-,E447,K,-,-,-,-,-,-,G500,-,-,-,-,-,R470,R,-,-,-,-,-,-
-,-,-,-,-,-,-,-,-,L448,-,-,-,-,-,-,-,R501,-,-,-,L514,L,M471,-,-,-,-,-,-,-
-,-,-,-,-,-,-,-,-,Q449,-,-,-,-,-,-,-,L502,L,-,-,G515,A,V472,V,-,-,-,-,-,-
L,-,-,-,-,-,-,-,-,F450,L,-,-,-,-,-,-,L503,L,L435,L,L516,L,L473,L,S418,S,G423,-,F410,I
-,-,-,-,-,-,-,-,-,G451,V,-,-,-,-,-,-,H504,-,-,-,P517,H,-,-,-,-,-,-,-,-
-,-,-,-,-,-,-,-,-,-,-,-,-,-,-,-,-,L505,-,-,-,L518,L,I474,I,-,-,-,-,-,-
-,A429,T,T422,T,A423,A,A390,A,R452,-,S412,S,-,-,-,-,A506,A,A436,A,S519,-,S475,S,F419,-,G424,G,S411,S
-,A430,A,V423,V,-,-,-,-,-,-,-,-,-,-,-,-,M507,-,-,-,P520,T,G476,-,-,-,-,-,-,-
-,-,-,-,-,-,-,-,-,-,-,-,-,-,-,-,-,-,-,-,-,R521,R,K477,K,-,-,-,-,-,-
-,-,-,-,-,-,-,-,-,-,-,-,-,-,-,-,-,-,-,-,-,L522,L,A478,-,-,-,-,-,-,-
-,-,-,-,-,-,-,-,-,-,-,-,-,-,-,-,-,-,-,-,-,-,-,A479,-,-,-,-,-,-,-
-,-,-,-,-,-,-,-,-,-,-,-,-,-,-,-,-,-,-,-,-,-,-,K480,R,-,-,-,-,-,-
-,-,-,-,-,-,-,-,-,-,-,-,-,-,-,-,-,-,-,-,-,-,-,I481,-,-,-,-,-,-,-
-,-,-,-,-,-,-,-,-,-,-,-,-,-,-,-,-,-,-,-,-,-,-,A482,A,-,-,-,-,-,-
-,-,-,-,-,-,-,-,-,-,-,-,-,-,-,-,-,-,-,-,-,L523,-,-,-,-,-,-,-,-,-
-,A431,T,S424,S,-,-,-,-,G453,-,-,-,-,-,-,-,R508,-,-,-,P524,P,S483,-,-,-,-,-,-,-
-,A432,S,T425,S,-,-,-,-,G454,G,R413,-,P432,P,S442,S,G509,G,S437,S,T525,-,R484,-,S420,S,S425,S,R412,R
-,A433,-,-,-,-,-,-,-,-,-,-,-,-,-,-,-,-,-,-,-,-,-,-,-,-,-,-,-,-,-
-,E434,-,-,-,-,-,-,-,-,-,-,-,-,-,-,-,-,-,-,-,-,-,-,-,-,-,-,-,-,-
-,A435,I,I426,I,-,-,-,-,-,-,-,-,-,-,L443,L,-,-,-,-,-,-,-,-,-,-,-,-,-,-
-,G436,T,S427,S,-,-,-,-,G455,-,S414,S,S433,S,S444,S,L510,-,S438,S,A526,-,Q485,Q,N421,N,N426,N,N413,N
-,-,-,-,-,-,-,-,-,-,-,-,-,-,-,-,-,G511,-,-,-,T527,-,-,-,-,-,-,-,-,-
-,-,-,-,-,-,-,-,-,-,-,-,-,-,-,-,-,E512,-,-,-,-,-,-,-,-,-,-,-,-,-
-,-,-,-,-,-,-,-,-,-,-,-,-,-,-,-,-,L513,L,-,-,-,-,-,-,-,-,-,-,-,-
-,-,-,-,-,-,-,-,-,-,-,-,-,-,-,-,-,-,-,-,-,T528,-,P486,-,-,-,-,-,-,-
-,-,-,-,-,-,-,-,-,-,-,-,-,-,-,-,-,G514,-,-,-,N529,N,D487,D,-,-,-,-,-,-
-,-,-,-,-,-,-,-,-,-,-,-,-,-,-,-,-,A515,-,-,-,G530,G,S488,-,-,-,-,-,-,-
-,-,-,-,-,-,-,-,-,-,-,-,-,-,-,-,-,Q516,-,-,-,H531,H,H489,H,-,-,-,-,-,-
-,-,-,-,-,-,-,-,-,-,-,-,-,-,-,-,-,P517,P,-,-,P532,R,I490,-,-,-,-,-,-,-
-,D437,E,D428,D,-,-,-,-,S456,-,-,-,G434,G,-,-,Q518,-,-,-,Q533,N,T491,T,-,-,-,-,-,-
-,I438,V,G429,V,-,-,-,-,-,-,-,-,-,-,-,-,-,-,-,-,L534,L,L492,L,-,-,-,-,-,-
-,P439,P,P430,Q,-,-,-,-,-,N,-,-,S435,S,S445,S,Q519,-,-,-,P535,P,P493,P,-,-,-,-,-,-
G,I440,V,G431,G,-,-,-,-,-,G,A415,G,G436,G,G446,G,D520,G,G439,G,G536,G,G494,G,S422,G,G427,G,G414,G
-,Y441,Y,Y432,Y,-,-,-,-,-,-,-,-,-,-,-,-,-,-,-,-,H537,Y,Y495,Y,-,-,-,-,-,-
-,I442,-,S433,S,-,-,-,-,-,-,A416,-,P437,P,-,-,H521,-,V440,V,A538,V,V496,V,-,-,A428,-,S415,S
-,C443,Y,-,-,-,-,-,-,-,-,-,-,-,-,-,-,-,-,-,-,-,-,-,-,-,-,-,-,-,-
-,-,-,-,-,-,-,-,-,-,-,-,-,-,-,-,-,-,-,-,-,K539,K,W497,-,-,-,-,-,-,-
-,-,-,-,-,-,-,-,-,-,-,-,-,-,-,-,-,A522,-,N441,N,P540,N,S498,S,-,S,T429,N,E416,E
-,-,-,-,-,-,-,-,-,-,-,-,-,-,-,-,-,R523,-,G442,G,G541,G,N499,N,-,G,C430,F,G417,-
-,-,-,-,-,-,-,-,-,-,-,-,-,-,-,-,-,-,-,G443,G,T542,S,S500,S,-,L,S431,S,A418,-
-,-,-,-,-,-,-,-,-,-,-,-,-,-,-,-,-,-,-,-,-,P543,-,E501,E,-,-,-,-,-,-
-,-,-,-,-,-,-,-,-,-,-,-,-,-,-,-,-,W524,-,-,-,-,-,-,-,-,-,-,-,-,-
-,-,-,-,-,-,-,-,-,-,-,-,-,-,-,-,-,P525,P,T444,T,-,-,-,-,-,T,T432,T,L419,-
-,H444,H,-,-,-,-,-,-,-,-,-,-,-,-,-,-,-,-,-,-,-,-,-,-,-,-,-,-,-,-
-,Q445,H,H434,H,-,-,-,-,Q457,-,K417,K,-,-,-,-,R526,R,Q445,Q,A544,S,Q502,Q,-,Q,Q433,Q,Q420,Q
-,E446,D,D435,D,-,-,-,-,D458,-,-,-,-,-,-,-,G527,-,-,-,L545,-,-,-,-,-,-,-,-,-
-,-,-,-,-,-,-,-,-,-,-,-,-,-,-,-,-,-,-,-,-,E546,-,-,-,-,-,-,-,-,-
-,-,-,-,-,-,-,-,-,-,-,-,-,-,-,-,-,-,-,-,-,T547,-,-,-,-,-,-,-,-,-
-,-,-,-,-,-,-,-,-,-,E,-,-,-,-,-,-,-,-,-,-,L548,E,-,-,-,-,-,-,-,-
-,-,-,-,-,M424,M,M391,M,-,-,-,-,-,-,A447,G,S528,-,L446,L,E549,N,D503,D,-,-,V434,I,F421,-
S,-,-,-,-,S425,S,S392,S,-,T,-,-,-,-,T448,T,S529,S,S447,S,T550,S,C504,C,T423,-,S435,S,H422,H
-,-,-,-,-,I426,I,I393,I,-,-,-,-,-,-,A449,V,L530,L,I448,I,T551,-,L505,L,-,-,M436,M,R423,R
-,-,-,-,-,P427,P,P394,P,-,-,-,-,-,-,G450,G,S531,S,L449,L,P552,P,P506,P,-,-,L437,L,G424,N
-,-,-,-,-,-,-,-,-,-,-,-,-,-,-,-,-,E532,E,-,-,-,-,-,-,-,-,-,-,-,-
-,P447,-,C436,C,T428,T,T395,T,-,-,-,-,G438,-,S451,S,C533,S,S450,S,P553,S,H507,-,-,-,T438,T,S425,S
-,R448,N,P437,-,-,-,-,-,-,-,-,-,E439,-,-,-,-,-,K451,K,-,-,-,-,K424,K,R439,R,R426,R
-,-,-,-,-,-,-,-,-,-,-,-,-,V440,V,-,-,-,-,-,-,-,-,-,-,-,-,-,-,-,-
-,-,-,-,-,-,-,-,-,S459,-,-,-,P441,A,-,-,-,-,S452,S,-,-,-,-,A425,-,V440,C,A427,A
S,N449,N,S438,S,S429,S,S396,S,S460,S,-,-,T442,-,S452,S,S534,S,S453,S,A554,S,S508,S,S426,S,S441,S,-,-
-,-,-,-,-,-,-,-,-,-,-,-,-,-,-,-,-,-,-,-,-,M555,G,F509,I,-,-,-,-,-,-
P,-,-,-,-,P430,P,P397,P,A461,-,-,-,S443,-,-,-,-,-,S454,S,A556,-,H510,-,H427,P,P442,P,-,-
-,E450,E,E439,E,T431,T,T398,T,E462,-,-,-,R444,R,-,-,-,-,Q455,Q,A557,E,E511,E,L428,-,G443,K,-,-
-,P451,-,H440,H,-,-,-,-,-,-,-,-,-,-,-,-,-,-,-,-,P558,-,E512,E,-,-,-,-,-,-
-,A452,L,L441,L,-,-,-,-,-,-,-,-,-,-,-,-,-,-,-,-,-,-,-,-,-,-,-,-,-,-
-,-,-,-,-,-,-,-,-,-,-,-,-,-,-,-,-,-,-,-,-,K559,K,T513,-,-,-,-,-,-,-
-,-,-,-,-,-,-,-,-,-,-,-,-,-,-,-,-,-,-,-,-,D560,D,K514,-,-,-,-,-,-,-
-,N453,N,N442,N,-,-,-,-,-,-,-,-,-,-,-,-,-,-,I456,I,D561,E,E515,E,E429,E,A444,T,-,-
-,N454,G,G443,G,-,-,-,-,-,-,-,-,-,-,-,-,-,-,-,-,G562,E,D516,-,-,-,-,-,-,-
-,Q455,-,K444,K,-,-,-,-,-,-,-,-,-,-,-,-,-,-,-,-,F563,-,S517,-,-,-,-,-,-,-
-,-,-,-,-,-,-,-,-,-,-,-,-,-,-,-,-,-,-,-,-,L564,L,-,-,-,-,-,-,-,-
-,-,-,-,-,-,-,-,-,-,-,-,-,-,-,-,-,-,-,-,-,N565,N,-,-,-,-,-,-,-,-
-,G456,-,S445,S,-,-,-,-,-,-,-,-,-,-,-,-,-,-,-,-,G566,G,-,-,-,-,-,-,-,-
-,E457,-,I446,-,-,-,-,-,-,-,-,-,-,-,-,-,-,-,-,-,S567,-,-,-,-,-,-,-,-,-
-,-,-,-,-,-,-,-,-,-,-,-,-,-,-,-,-,-,-,-,-,C568,-,-,-,-,-,-,-,-,-
-,E458,E,H447,H,-,-,-,-,-,-,-,-,-,-,-,-,-,-,-,-,S569,S,G518,-,-,-,-,-,-,-
-,-,-,-,-,-,-,-,-,-,-,-,-,-,-,-,-,-,-,-,-,G570,G,R519,-,-,-,-,-,-,-
-,-,-,-,-,-,-,-,-,-,-,-,-,-,-,-,-,-,-,-,-,L571,L,Q520,Q,-,-,-,-,-,-
-,S459,D,D448,D,-,-,-,-,-,-,-,-,-,-,-,-,-,-,-,-,-,-,-,-,-,-,-,-,-,-
-,A460,S,I449,-,-,-,-,-,-,-,-,-,-,-,-,-,-,-,-,-,D572,-,G521,-,-,-,-,-,-,-
-,E461,E,E450,E,R432,R,R399,R,T463,-,-,-,G445,-,-,-,E535,E,R457,R,E573,E,D522,D,Q430,Q,R445,R,Q428,Q
-,-,-,-,-,-,-,-,-,-,-,-,-,-,-,-,-,G536,G,-,-,-,-,-,-,-,-,-,-,-,-
-,-,-,-,-,-,-,-,-,P464,-,-,-,L446,L,-,-,D537,D,-,-,E574,-,D523,D,-,-,-,-,-,-
-,I462,L,N451,-,-,-,-,-,-,-,-,-,-,-,-,-,-,-,-,-,-,-,-,-,-,-,-,-,-,-
-,I463,V,V452,V,V433,V,I400,I,L465,L,-,-,S447,-,M453,V,V538,-,-,-,A575,-,I524,I,-,-,-,-,-,-
-,-,-,-,-,-,-,-,-,-,-,-,-,-,-,Y454,Y,-,-,-,-,-,-,-,-,-,-,-,-,-,-
-,P464,A,L453,V,S434,S,S401,S,A466,-,-,-,S448,S,T455,A,T539,T,-,-,S576,-,L525,-,S431,-,R446,R,-,-
-,L465,L,L454,L,F435,F,F402,F,G467,-,-,-,G449,G,A456,A,M540,L,M458,M,G577,-,M526,-,Q432,R,S447,S,-,-
-,N466,K,K455,K,H436,H,H403,H,G468,-,-,-,T450,T,-,-,A541,-,S459,S,P578,-,E527,-,G433,-,S448,S,S429,S
-,-,-,-,-,-,-,-,-,L469,-,-,-,L451,L,-,-,N542,-,-,-,E579,E,K528,E,-,-,-,-,-,-
-,-,-,-,-,-,-,-,-,-,-,-,-,P452,P,-,-,-,-,-,-,R580,R,P529,S,-,-,-,-,-,-
-,-,-,-,-,-,-,-,-,-,-,-,-,-,-,-,-,-,-,-,-,-,-,S530,-,-,-,-,-,-,-
-,-,-,-,-,-,-,-,-,-,-,-,-,-,-,-,-,-,-,-,-,P581,P,R531,-,-,-,-,-,-,-
-,-,-,-,-,-,-,-,-,-,-,-,-,G453,G,-,-,-,-,-,-,-,-,-,-,-,-,-,-,-,-
-,-,-,-,-,-,-,-,-,P470,P,-,-,P454,P,-,-,-,-,-,-,P582,-,P532,P,-,-,-,-,-,-
-,-,-,-,-,-,-,-,-,R471,-,-,-,G455,G,-,-,-,-,-,-,-,-,M533,L,-,-,-,-,-,-
-,-,-,-,-,-,-,-,-,-,-,-,-,N456,-,-,-,-,-,-,-,-,-,E534,-,-,-,-,-,-,-
-,-,-,-,-,-,-,-,-,-,-,-,-,E457,E,-,-,-,-,-,-,-,-,-,-,-,-,-,-,-,-
-,-,-,-,-,-,-,-,-,-,-,-,-,A458,A,-,-,-,-,-,-,-,-,S535,-,-,-,-,-,-,-
-,-,-,-,-,-,-,-,-,-,-,-,-,S459,S,-,-,-,-,-,-,-,-,N536,-,-,-,-,-,-,-
-,-,-,-,-,-,-,-,-,-,-,-,-,R460,R,-,-,-,-,-,-,-,-,-,-,-,-,-,-,-,-
-,-,-,-,-,-,-,-,-,-,-,-,-,-,-,-,-,-,-,-,-,A583,-,P537,-,-,-,-,-,-,-
-,I467,-,-,-,S437,S,S404,S,L472,-,-,-,E461,V,T457,T,T543,T,G460,S,L584,L,D538,-,T434,T,S449,S,F430,F
-,I468,-,-,-,I438,I,I405,I,A473,A,V418,M,L462,L,C458,C,M544,M,L461,L,L585,V,T539,-,C435,-,F450,F,L431,L
-,E469,-,P456,-,K439,K,K406,K,-,-,-,-,-,-,Q459,Q,E545,E,P462,-,Q586,E,E540,E,-,-,Q451,Q,Q432,Q
-,-,-,-,-,-,-,-,-,-,-,-,-,-,-,-,-,E546,E,-,-,-,-,-,-,-,-,-,-,-,-
-,-,-,-,-,-,-,-,-,-,-,-,-,-,-,-,-,I547,I,-,-,-,-,-,-,-,-,-,-,-,-
-,-,-,-,-,-,-,-,-,-,-,-,-,-,-,-,-,L548,L,-,-,-,-,-,-,-,-,-,-,-,-
-,-,-,-,-,-,-,-,-,-,-,-,-,-,-,-,-,-,-,-,-,-,-,G541,G,-,-,-,-,-,-
-,-,-,-,-,-,-,-,-,-,-,-,-,-,-,-,-,-,-,-,-,-,-,C542,-,-,-,-,-,-,-
-,-,-,-,-,-,-,-,-,-,-,-,-,-,-,-,-,-,-,-,-,-,-,Q543,-,-,-,-,-,-,-
-,Q470,G,E457,E,-,-,-,-,-,-,-,-,-,-,A460,A,E549,E,A463,A,-,-,G544,G,-,-,A452,A,T433,T
E,E471,E,N458,K,Q440,Q,Q407,Q,E474,E,L419,-,E463,E,-,-,E550,E,D464,E,E587,E,E545,E,R436,R,E453,E,E434,E
-,S472,T,L459,L,S441,S,T408,T,S475,S,T420,T,S464,S,S461,S,S551,S,N465,N,E588,E,T546,-,T437,-,V454,-,T435,T
-,-,-,-,-,-,-,-,-,-,-,-,-,Y465,Y,-,-,-,-,-,-,W589,R,E547,E,-,-,-,-,-,-
-,-,-,-,-,-,-,-,-,-,-,-,-,-,-,-,-,-,-,-,-,E590,E,D548,D,-,-,-,-,-,-
-,S473,S,Y460,Y,T442,T,A409,A,-,-,-,-,C466,C,C462,C,-,-,-,-,-,-,-,-,-,-,-,-,-,-
-,A474,A,N461,-,A443,A,A410,A,P476,-,S421,S,-,-,S463,S,E552,E,L466,L,T591,T,V549,-,S438,S,S455,S,S436,-
-,-,-,-,-,V444,V,V411,V,F477,-,M422,-,-,-,-,-,I553,I,A467,A,V592,V,L550,L,I439,V,L456,L,V437,V
-,-,-,-,-,-,-,-,-,-,-,-,-,-,-,-,-,-,-,T468,T,M593,M,-,-,I440,I,V457,V,I438,I
-,-,-,-,-,-,-,-,-,-,-,C423,C,-,-,-,-,-,-,-,-,-,-,-,-,-,-,-,-,-,-
